id,day_order_num,p0,p1,p2,json,timestamp,date
6,1,0,1,0,"{""0"":0,""1"":1,""2"":0,""timestamp"":""2023-08-17T08:35:43.735Z""}",18:35:43,18.08.2023
7,2,1,0,0,"{""0"":1,""1"":0,""2"":0,""timestamp"":""2023-08-17T08:35:40.208Z""}",18:35:40,18.08.2023
8,3,1,1,0,"{""0"":1,""1"":1,""2"":0,""timestamp"":""2023-08-17T08:36:27.987Z""}",18:36:27,18.08.2023
9,4,2,0,0,"{""0"":2,""1"":0,""2"":0,""timestamp"":""2023-08-17T09:45:04.764Z""}",19:45:04,18.08.2023
10,5,0,2,0,"{""0"":0,""1"":2,""2"":0,""timestamp"":""2023-08-17T09:50:43.927Z""}",19:50:43,18.08.2023
11,6,0,0,1,"{""0"":0,""1"":0,""2"":1,""timestamp"":""2023-08-17T09:51:23.711Z""}",19:51:23,18.08.2023
12,7,0,1,0,"{""0"":0,""1"":1,""2"":0,""timestamp"":""2023-08-17T09:53:58.524Z""}",19:53:58,18.08.2023
13,8,1,0,0,"{""0"":1,""1"":0,""2"":0,""timestamp"":""2023-08-17T09:58:26.199Z""}",19:58:26,18.08.2023
14,9,1,1,0,"{""0"":1,""1"":1,""2"":0,""timestamp"":""2023-08-17T10:01:05.040Z""}",20:01:05,18.08.2023
15,10,0,1,0,"{""0"":0,""1"":1,""2"":0,""timestamp"":""2023-08-17T10:01:59.120Z""}",20:01:59,18.08.2023
16,11,0,0,1,"{""0"":0,""1"":0,""2"":1,""timestamp"":""2023-08-17T10:18:48.747Z""}",20:18:48,18.08.2023
17,12,0,0,1,"{""0"":0,""1"":0,""2"":1,""timestamp"":""2023-08-17T10:19:40.707Z""}",20:19:40,18.08.2023
18,13,0,0,1,"{""0"":0,""1"":0,""2"":1,""timestamp"":""2023-08-17T10:20:44.571Z""}",20:20:44,18.08.2023
19,14,1,0,0,"{""0"":1,""1"":0,""2"":0,""timestamp"":""2023-08-17T10:23:56.616Z""}",20:23:56,18.08.2023
20,15,1,0,0,"{""0"":1,""1"":0,""2"":0,""timestamp"":""2023-08-17T10:30:33.735Z""}",20:30:33,18.08.2023
21,16,2,0,0,"{""0"":2,""1"":0,""2"":0,""timestamp"":""2023-08-17T10:36:38.556Z""}",20:36:38,18.08.2023
22,17,1,0,1,"{""0"":1,""1"":0,""2"":1,""timestamp"":""2023-08-17T10:36:56.516Z""}",20:36:56,18.08.2023
23,18,0,1,0,"{""0"":0,""1"":1,""2"":0,""timestamp"":""2023-08-17T10:46:38.895Z""}",20:46:38,18.08.2023
24,19,0,0,1,"{""0"":0,""1"":0,""2"":1,""timestamp"":""2023-08-17T10:47:24.379Z""}",20:47:24,18.08.2023
25,20,0,0,1,"{""0"":0,""1"":0,""2"":1,""timestamp"":""2023-08-17T10:48:29.044Z""}",20:48:29,18.08.2023
26,21,1,0,0,"{""0"":1,""1"":0,""2"":0,""timestamp"":""2023-08-17T10:49:36.383Z""}",20:49:36,18.08.2023
27,22,1,0,0,"{""0"":1,""1"":0,""2"":0,""timestamp"":""2023-08-17T10:51:24.631Z""}",20:51:24,18.08.2023
28,23,1,1,0,"{""0"":1,""1"":1,""2"":0,""timestamp"":""2023-08-17T10:52:19.075Z""}",20:52:19,18.08.2023
29,24,1,1,0,"{""0"":1,""1"":1,""2"":0,""timestamp"":""2023-08-17T10:53:42.623Z""}",20:53:42,18.08.2023
30,25,0,1,0,"{""0"":0,""1"":1,""2"":0,""timestamp"":""2023-08-17T10:54:01.836Z""}",20:54:01,18.08.2023
31,26,2,0,1,"{""0"":2,""1"":0,""2"":1,""timestamp"":""2023-08-17T10:55:51.487Z""}",20:55:51,18.08.2023
32,27,1,0,0,"{""0"":1,""1"":0,""2"":0,""timestamp"":""2023-08-17T10:56:09.527Z""}",20:56:09,18.08.2023
33,28,2,0,0,"{""0"":2,""1"":0,""2"":0,""timestamp"":""2023-08-17T10:57:28.371Z""}",20:57:28,18.08.2023
34,29,1,0,0,"{""0"":1,""1"":0,""2"":0,""timestamp"":""2023-08-17T10:58:53.923Z""}",20:58:53,18.08.2023
35,30,1,0,0,"{""0"":1,""1"":0,""2"":0,""timestamp"":""2023-08-17T11:00:32.015Z""}",21:00:32,18.08.2023
36,31,0,0,1,"{""0"":0,""1"":0,""2"":1,""timestamp"":""2023-08-17T11:05:27.615Z""}",21:05:27,18.08.2023
37,32,2,0,0,"{""0"":2,""1"":0,""2"":0,""timestamp"":""2023-08-17T11:06:40.044Z""}",21:06:40,18.08.2023
38,33,0,0,1,"{""0"":0,""1"":0,""2"":1,""timestamp"":""2023-08-17T11:06:58.135Z""}",21:06:58,18.08.2023
39,34,1,0,0,"{""0"":1,""1"":0,""2"":0,""timestamp"":""2023-08-17T11:07:11.479Z""}",21:07:11,18.08.2023
40,35,0,0,1,"{""0"":0,""1"":0,""2"":1,""timestamp"":""2023-08-17T11:13:07.731Z""}",21:13:07,18.08.2023
41,36,1,0,0,"{""0"":1,""1"":0,""2"":0,""timestamp"":""2023-08-17T11:13:45.463Z""}",21:13:45,18.08.2023
42,37,0,0,1,"{""0"":0,""1"":0,""2"":1,""timestamp"":""2023-08-17T11:15:18.264Z""}",21:15:18,18.08.2023
43,38,1,0,0,"{""0"":1,""1"":0,""2"":0,""timestamp"":""2023-08-17T11:15:40.751Z""}",21:15:40,18.08.2023
44,39,1,0,0,"{""0"":1,""1"":0,""2"":0,""timestamp"":""2023-08-17T11:16:19.031Z""}",21:16:19,18.08.2023
45,40,1,1,1,"{""0"":1,""1"":1,""2"":1,""timestamp"":""2023-08-17T11:18:37.687Z""}",21:18:37,18.08.2023
46,41,1,0,1,"{""0"":1,""1"":0,""2"":1,""timestamp"":""2023-08-17T11:20:42.328Z""}",21:20:42,18.08.2023
47,42,2,0,0,"{""0"":2,""1"":0,""2"":0,""timestamp"":""2023-08-17T11:25:14.946Z""}",21:25:14,18.08.2023
48,43,0,1,0,"{""0"":0,""1"":1,""2"":0,""timestamp"":""2023-08-17T11:26:05.827Z""}",21:26:05,18.08.2023
49,44,1,0,0,"{""0"":1,""1"":0,""2"":0,""timestamp"":""2023-08-17T11:28:07.723Z""}",21:28:07,18.08.2023
50,45,0,0,1,"{""0"":0,""1"":0,""2"":1,""timestamp"":""2023-08-17T11:35:16.927Z""}",21:35:16,18.08.2023
51,46,2,0,2,"{""0"":2,""1"":0,""2"":2,""timestamp"":""2023-08-17T11:39:38.123Z""}",21:39:38,18.08.2023
52,47,2,1,0,"{""0"":2,""1"":1,""2"":0,""timestamp"":""2023-08-17T11:42:06.508Z""}",21:42:06,18.08.2023
53,48,2,0,0,"{""0"":2,""1"":0,""2"":0,""timestamp"":""2023-08-17T11:42:13.279Z""}",21:42:13,18.08.2023
54,49,0,1,0,"{""0"":0,""1"":1,""2"":0,""timestamp"":""2023-08-17T11:48:41.076Z""}",21:48:41,18.08.2023
55,50,1,1,0,"{""0"":1,""1"":1,""2"":0,""timestamp"":""2023-08-17T11:57:42.099Z""}",21:57:42,18.08.2023
56,51,0,0,1,"{""0"":0,""1"":0,""2"":1,""timestamp"":""2023-08-17T12:00:11.803Z""}",22:00:11,18.08.2023
57,52,0,1,0,"{""0"":0,""1"":1,""2"":0,""timestamp"":""2023-08-17T12:00:46.025Z""}",22:00:46,18.08.2023
58,53,1,0,0,"{""0"":1,""1"":0,""2"":0,""timestamp"":""2023-08-17T12:02:50.607Z""}",22:02:50,18.08.2023
59,54,1,0,0,"{""0"":1,""1"":0,""2"":0,""timestamp"":""2023-08-17T12:04:44.435Z""}",22:04:44,18.08.2023
60,55,1,0,0,"{""0"":1,""1"":0,""2"":0,""timestamp"":""2023-08-17T12:04:55.979Z""}",22:04:55,18.08.2023
61,56,1,0,0,"{""0"":1,""1"":0,""2"":0,""timestamp"":""2023-08-17T12:10:12.538Z""}",22:10:12,18.08.2023
62,57,0,0,1,"{""0"":0,""1"":0,""2"":1,""timestamp"":""2023-08-17T12:10:43.327Z""}",22:10:43,18.08.2023
63,58,2,0,0,"{""0"":2,""1"":0,""2"":0,""timestamp"":""2023-08-17T12:12:35.639Z""}",22:12:35,18.08.2023
64,59,1,0,1,"{""0"":1,""1"":0,""2"":1,""timestamp"":""2023-08-17T12:13:09.939Z""}",22:13:09,18.08.2023
65,60,2,0,0,"{""0"":2,""1"":0,""2"":0,""timestamp"":""2023-08-17T12:15:47.835Z""}",22:15:47,18.08.2023
66,61,1,0,1,"{""0"":1,""1"":0,""2"":1,""timestamp"":""2023-08-17T12:17:10.475Z""}",22:17:10,18.08.2023
67,62,1,1,0,"{""0"":1,""1"":1,""2"":0,""timestamp"":""2023-08-17T12:26:10.639Z""}",22:26:10,18.08.2023
68,63,1,0,0,"{""0"":1,""1"":0,""2"":0,""timestamp"":""2023-08-17T12:29:13.731Z""}",22:29:13,18.08.2023
69,64,1,0,0,"{""0"":1,""1"":0,""2"":0,""timestamp"":""2023-08-17T12:31:59.639Z""}",22:31:59,18.08.2023
70,65,0,1,0,"{""0"":0,""1"":1,""2"":0,""timestamp"":""2023-08-17T12:34:30.099Z""}",22:34:30,18.08.2023
71,66,1,0,0,"{""0"":1,""1"":0,""2"":0,""timestamp"":""2023-08-17T12:35:47.167Z""}",22:35:47,18.08.2023
72,67,1,0,1,"{""0"":1,""1"":0,""2"":1,""timestamp"":""2023-08-17T12:37:00.351Z""}",22:37:00,18.08.2023
73,68,0,0,3,"{""0"":0,""1"":0,""2"":3,""timestamp"":""2023-08-17T12:38:04.152Z""}",22:38:04,18.08.2023
74,69,0,0,1,"{""0"":0,""1"":0,""2"":1,""timestamp"":""2023-08-17T12:39:26.319Z""}",22:39:26,18.08.2023
75,70,0,1,0,"{""0"":0,""1"":1,""2"":0,""timestamp"":""2023-08-17T12:43:05.867Z""}",22:43:05,18.08.2023
76,71,0,0,1,"{""0"":0,""1"":0,""2"":1,""timestamp"":""2023-08-17T12:45:06.079Z""}",22:45:06,18.08.2023
77,72,0,1,0,"{""0"":0,""1"":1,""2"":0,""timestamp"":""2023-08-17T12:49:19.739Z""}",22:49:19,18.08.2023
78,73,0,0,1,"{""0"":0,""1"":0,""2"":1,""timestamp"":""2023-08-17T12:59:01.303Z""}",22:59:01,18.08.2023
79,74,0,0,1,"{""0"":0,""1"":0,""2"":1,""timestamp"":""2023-08-17T13:03:31.247Z""}",23:03:31,18.08.2023
80,75,0,0,1,"{""0"":0,""1"":0,""2"":1,""timestamp"":""2023-08-17T13:11:28.628Z""}",23:11:28,18.08.2023
81,76,1,0,0,"{""0"":1,""1"":0,""2"":0,""timestamp"":""2023-08-17T13:12:24.267Z""}",23:12:24,18.08.2023
82,77,1,0,0,"{""0"":1,""1"":0,""2"":0,""timestamp"":""2023-08-17T13:14:22.579Z""}",23:14:22,18.08.2023
83,78,0,2,0,"{""0"":0,""1"":2,""2"":0,""timestamp"":""2023-08-17T13:14:50.148Z""}",23:14:50,18.08.2023
84,79,1,1,0,"{""0"":1,""1"":1,""2"":0,""timestamp"":""2023-08-17T13:15:35.759Z""}",23:15:35,18.08.2023
85,80,0,1,0,"{""0"":0,""1"":1,""2"":0,""timestamp"":""2023-08-17T13:16:30.163Z""}",23:16:30,18.08.2023
86,81,0,0,1,"{""0"":0,""1"":0,""2"":1,""timestamp"":""2023-08-17T13:24:57.923Z""}",23:24:57,18.08.2023
87,82,1,0,0,"{""0"":1,""1"":0,""2"":0,""timestamp"":""2023-08-17T13:25:18.528Z""}",23:25:18,18.08.2023
88,83,1,0,0,"{""0"":1,""1"":0,""2"":0,""timestamp"":""2023-08-17T13:27:58.951Z""}",23:27:58,18.08.2023
89,84,1,0,0,"{""0"":1,""1"":0,""2"":0,""timestamp"":""2023-08-17T13:28:17.133Z""}",23:28:17,18.08.2023
90,85,1,0,0,"{""0"":1,""1"":0,""2"":0,""timestamp"":""2023-08-17T13:28:30.188Z""}",23:28:30,18.08.2023
91,86,1,0,0,"{""0"":1,""1"":0,""2"":0,""timestamp"":""2023-08-17T13:29:59.087Z""}",23:29:59,18.08.2023
92,87,1,0,0,"{""0"":1,""1"":0,""2"":0,""timestamp"":""2023-08-17T13:32:23.135Z""}",23:32:23,18.08.2023
93,88,0,1,0,"{""0"":0,""1"":1,""2"":0,""timestamp"":""2023-08-17T13:36:43.578Z""}",23:36:43,18.08.2023
94,89,2,0,0,"{""0"":2,""1"":0,""2"":0,""timestamp"":""2023-08-17T13:47:31.335Z""}",23:47:31,18.08.2023
95,90,0,0,1,"{""0"":0,""1"":0,""2"":1,""timestamp"":""2023-08-17T13:50:00.652Z""}",23:50:00,18.08.2023
96,91,1,0,0,"{""0"":1,""1"":0,""2"":0,""timestamp"":""2023-08-17T13:51:35.511Z""}",23:51:35,18.08.2023
97,92,1,0,0,"{""0"":1,""1"":0,""2"":0,""timestamp"":""2023-08-17T13:52:21.811Z""}",23:52:21,18.08.2023
98,93,0,1,0,"{""0"":0,""1"":1,""2"":0,""timestamp"":""2023-08-17T13:55:35.315Z""}",23:55:35,18.08.2023
99,94,1,0,0,"{""0"":1,""1"":0,""2"":0,""timestamp"":""2023-08-17T13:58:25.191Z""}",23:58:25,18.08.2023
100,95,2,0,0,"{""0"":2,""1"":0,""2"":0,""timestamp"":""2023-08-17T14:02:45.983Z""}",00:02:45,18.08.2023
101,96,1,0,0,"{""0"":1,""1"":0,""2"":0,""timestamp"":""2023-08-17T14:07:07.788Z""}",00:07:07,18.08.2023
102,97,0,1,0,"{""0"":0,""1"":1,""2"":0,""timestamp"":""2023-08-17T14:08:05.355Z""}",00:08:05,18.08.2023
103,98,0,0,1,"{""0"":0,""1"":0,""2"":1,""timestamp"":""2023-08-17T14:23:25.979Z""}",00:23:25,18.08.2023
104,99,2,0,0,"{""0"":2,""1"":0,""2"":0,""timestamp"":""2023-08-17T14:28:40.459Z""}",00:28:40,18.08.2023
105,100,1,0,0,"{""0"":1,""1"":0,""2"":0,""timestamp"":""2023-08-17T14:30:05.183Z""}",00:30:05,18.08.2023
106,101,1,0,0,"{""0"":1,""1"":0,""2"":0,""timestamp"":""2023-08-17T14:34:57.447Z""}",00:34:57,18.08.2023
107,102,1,0,0,"{""0"":1,""1"":0,""2"":0,""timestamp"":""2023-08-17T14:42:14.059Z""}",00:42:14,18.08.2023
108,103,2,0,1,"{""0"":2,""1"":0,""2"":1,""timestamp"":""2023-08-17T14:47:34.511Z""}",00:47:34,18.08.2023
109,104,2,0,0,"{""0"":2,""1"":0,""2"":0,""timestamp"":""2023-08-17T14:51:29.087Z""}",00:51:29,18.08.2023
110,105,1,0,0,"{""0"":1,""1"":0,""2"":0,""timestamp"":""2023-08-17T14:54:01.556Z""}",00:54:01,18.08.2023
111,106,1,0,0,"{""0"":1,""1"":0,""2"":0,""timestamp"":""2023-08-17T14:56:30.859Z""}",00:56:30,18.08.2023
112,107,2,0,0,"{""0"":2,""1"":0,""2"":0,""timestamp"":""2023-08-17T14:59:41.328Z""}",00:59:41,18.08.2023
113,108,0,0,1,"{""0"":0,""1"":0,""2"":1,""timestamp"":""2023-08-17T15:17:41.715Z""}",01:17:41,18.08.2023
114,109,0,1,0,"{""0"":0,""1"":1,""2"":0,""timestamp"":""2023-08-17T15:26:05.944Z""}",01:26:05,18.08.2023
115,110,1,0,0,"{""0"":1,""1"":0,""2"":0,""timestamp"":""2023-08-17T15:29:04.947Z""}",01:29:04,18.08.2023
116,111,1,0,0,"{""0"":1,""1"":0,""2"":0,""timestamp"":""2023-08-17T15:33:31.363Z""}",01:33:31,18.08.2023
117,112,0,1,0,"{""0"":0,""1"":1,""2"":0,""timestamp"":""2023-08-17T15:39:31.884Z""}",01:39:31,18.08.2023
118,113,0,1,0,"{""0"":0,""1"":1,""2"":0,""timestamp"":""2023-08-17T15:43:57.183Z""}",01:43:57,18.08.2023
119,114,1,0,0,"{""0"":1,""1"":0,""2"":0,""timestamp"":""2023-08-17T15:45:10.148Z""}",01:45:10,18.08.2023
120,115,1,0,1,"{""0"":1,""1"":0,""2"":1,""timestamp"":""2023-08-17T15:45:45.823Z""}",01:45:45,18.08.2023
121,116,0,1,0,"{""0"":0,""1"":1,""2"":0,""timestamp"":""2023-08-17T16:03:55.527Z""}",02:03:55,18.08.2023
122,117,2,0,0,"{""0"":2,""1"":0,""2"":0,""timestamp"":""2023-08-17T16:05:39.375Z""}",02:05:39,18.08.2023
123,118,1,0,0,"{""0"":1,""1"":0,""2"":0,""timestamp"":""2023-08-17T16:14:23.159Z""}",02:14:23,18.08.2023
124,119,0,1,0,"{""0"":0,""1"":1,""2"":0,""timestamp"":""2023-08-17T16:16:05.115Z""}",02:16:05,18.08.2023
125,120,1,0,0,"{""0"":1,""1"":0,""2"":0,""timestamp"":""2023-08-17T16:16:26.951Z""}",02:16:26,18.08.2023
126,121,2,0,0,"{""0"":2,""1"":0,""2"":0,""timestamp"":""2023-08-17T16:17:37.986Z""}",02:17:37,18.08.2023
127,122,0,0,1,"{""0"":0,""1"":0,""2"":1,""timestamp"":""2023-08-17T16:21:05.804Z""}",02:21:05,18.08.2023
128,123,1,0,1,"{""0"":1,""1"":0,""2"":1,""timestamp"":""2023-08-17T16:23:14.900Z""}",02:23:14,18.08.2023
129,124,1,0,1,"{""0"":1,""1"":0,""2"":1,""timestamp"":""2023-08-17T16:24:41.079Z""}",02:24:41,18.08.2023
130,125,1,0,0,"{""0"":1,""1"":0,""2"":0,""timestamp"":""2023-08-17T16:47:34.583Z""}",02:47:34,18.08.2023
131,126,1,0,0,"{""0"":1,""1"":0,""2"":0,""timestamp"":""2023-08-17T16:51:39.659Z""}",02:51:39,18.08.2023
132,127,1,0,0,"{""0"":1,""1"":0,""2"":0,""timestamp"":""2023-08-17T16:57:07.639Z""}",02:57:07,18.08.2023
133,128,1,0,0,"{""0"":1,""1"":0,""2"":0,""timestamp"":""2023-08-17T16:57:41.055Z""}",02:57:41,18.08.2023
134,129,1,0,0,"{""0"":1,""1"":0,""2"":0,""timestamp"":""2023-08-17T17:05:09.384Z""}",03:05:09,18.08.2023
135,130,0,0,1,"{""0"":0,""1"":0,""2"":1,""timestamp"":""2023-08-17T17:07:35.943Z""}",03:07:35,18.08.2023
136,131,0,1,0,"{""0"":0,""1"":1,""2"":0,""timestamp"":""2023-08-17T17:15:46.075Z""}",03:15:46,18.08.2023
137,132,0,0,2,"{""0"":0,""1"":0,""2"":2,""timestamp"":""2023-08-17T17:46:26.787Z""}",03:46:26,18.08.2023
138,133,1,0,0,"{""0"":1,""1"":0,""2"":0,""timestamp"":""2023-08-17T19:35:09.371Z""}",05:35:09,18.08.2023
139,1,1,0,0,"{""0"":1,""1"":0,""2"":0,""timestamp"":""2023-08-19T09:56:07.988Z""}",11:56:07.995593,19.08.2023
140,2,1,0,0,"{""0"":1,""1"":0,""2"":0,""timestamp"":""2023-08-19T09:57:38.770Z""}",11:57:38.782379,19.08.2023
141,3,1,0,0,"{""0"":1,""1"":0,""2"":0,""timestamp"":""2023-08-19T09:58:29.721Z""}",11:58:29.734870,19.08.2023
142,4,1,0,0,"{""0"":1,""1"":0,""2"":0,""timestamp"":""2023-08-19T09:59:52.317Z""}",11:59:52.324593,19.08.2023
143,5,1,0,0,"{""0"":1,""1"":0,""2"":0,""timestamp"":""2023-08-19T10:06:37.754Z""}",12:06:37.761537,19.08.2023
144,6,1,1,1,"{""0"":1,""1"":1,""2"":1,""timestamp"":""2023-08-19T10:07:05.644Z""}",12:07:05.650940,19.08.2023
145,7,1,0,1,"{""0"":1,""1"":0,""2"":1,""timestamp"":""2023-08-19T10:28:45.245Z""}",12:28:45.260264,19.08.2023
146,8,1,0,0,"{""0"":1,""1"":0,""2"":0,""timestamp"":""2023-08-19T10:46:55.523Z""}",12:46:55.531259,19.08.2023
147,9,0,0,1,"{""0"":0,""1"":0,""2"":1,""timestamp"":""2023-08-19T10:51:46.755Z""}",12:51:46.762176,19.08.2023
148,10,1,0,0,"{""0"":1,""1"":0,""2"":0,""timestamp"":""2023-08-19T11:01:49.787Z""}",13:01:49.794912,19.08.2023
149,11,2,0,0,"{""0"":2,""1"":0,""2"":0,""timestamp"":""2023-08-19T11:14:29.015Z""}",13:14:29.026482,19.08.2023
150,12,1,0,0,"{""0"":1,""1"":0,""2"":0,""timestamp"":""2023-08-19T11:15:09.471Z""}",13:15:09.478261,19.08.2023
151,13,0,0,1,"{""0"":0,""1"":0,""2"":1,""timestamp"":""2023-08-19T11:15:22.355Z""}",13:15:22.361869,19.08.2023
152,14,2,0,0,"{""0"":2,""1"":0,""2"":0,""timestamp"":""2023-08-19T11:26:40.423Z""}",13:26:40.430524,19.08.2023
153,15,0,0,1,"{""0"":0,""1"":0,""2"":1,""timestamp"":""2023-08-19T11:26:53.260Z""}",13:26:53.266723,19.08.2023
154,16,1,0,0,"{""0"":1,""1"":0,""2"":0,""timestamp"":""2023-08-19T11:44:51.699Z""}",13:44:51.706866,19.08.2023
155,17,1,0,0,"{""0"":1,""1"":0,""2"":0,""timestamp"":""2023-08-19T11:50:09.455Z""}",13:50:09.462494,19.08.2023
156,18,0,0,1,"{""0"":0,""1"":0,""2"":1,""timestamp"":""2023-08-19T11:50:49.423Z""}",13:50:49.436953,19.08.2023
157,19,1,0,0,"{""0"":1,""1"":0,""2"":0,""timestamp"":""2023-08-19T11:52:56.655Z""}",13:52:56.662560,19.08.2023
158,20,2,0,0,"{""0"":2,""1"":0,""2"":0,""timestamp"":""2023-08-19T12:09:22.263Z""}",14:09:22.270036,19.08.2023
159,21,0,0,1,"{""0"":0,""1"":0,""2"":1,""timestamp"":""2023-08-19T13:12:54.503Z""}",15:12:54.515348,19.08.2023
160,22,1,0,0,"{""0"":1,""1"":0,""2"":0,""timestamp"":""2023-08-19T13:20:28.506Z""}",15:20:28.517837,19.08.2023
161,23,1,0,0,"{""0"":1,""1"":0,""2"":0,""timestamp"":""2023-08-19T13:44:38.236Z""}",15:44:38.243401,19.08.2023
162,24,1,0,0,"{""0"":1,""1"":0,""2"":0,""timestamp"":""2023-08-19T14:30:01.899Z""}",16:30:01.905350,19.08.2023
163,25,0,0,1,"{""0"":0,""1"":0,""2"":1,""timestamp"":""2023-08-19T14:30:42.395Z""}",16:30:42.402948,19.08.2023
164,26,0,0,1,"{""0"":0,""1"":0,""2"":1,""timestamp"":""2023-08-19T14:49:10.064Z""}",16:49:10.073360,19.08.2023
165,27,0,0,1,"{""0"":0,""1"":0,""2"":1,""timestamp"":""2023-08-19T14:52:04.891Z""}",16:52:04.899207,19.08.2023
166,28,1,0,0,"{""0"":1,""1"":0,""2"":0,""timestamp"":""2023-08-19T14:52:14.187Z""}",16:52:14.194465,19.08.2023
167,29,0,2,0,"{""0"":0,""1"":2,""2"":0,""timestamp"":""2023-08-19T15:31:31.871Z""}",17:31:31.878903,19.08.2023
168,30,0,1,0,"{""0"":0,""1"":1,""2"":0,""timestamp"":""2023-08-19T15:58:37.691Z""}",17:58:37.698909,19.08.2023
169,31,1,1,0,"{""0"":1,""1"":1,""2"":0,""timestamp"":""2023-08-19T16:09:08.915Z""}",18:09:08.927132,19.08.2023
170,32,1,0,0,"{""0"":1,""1"":0,""2"":0,""timestamp"":""2023-08-19T16:11:20.115Z""}",18:11:20.122271,19.08.2023
171,33,0,0,2,"{""0"":0,""1"":0,""2"":2,""timestamp"":""2023-08-19T16:12:01.455Z""}",18:12:01.461728,19.08.2023
172,34,0,0,1,"{""0"":0,""1"":0,""2"":1,""timestamp"":""2023-08-19T16:20:00.487Z""}",18:20:00.493673,19.08.2023
173,35,0,1,0,"{""0"":0,""1"":1,""2"":0,""timestamp"":""2023-08-19T16:28:38.696Z""}",18:28:38.703185,19.08.2023
174,36,1,0,0,"{""0"":1,""1"":0,""2"":0,""timestamp"":""2023-08-19T16:31:07.523Z""}",18:31:07.530209,19.08.2023
175,37,1,0,0,"{""0"":1,""1"":0,""2"":0,""timestamp"":""2023-08-19T16:37:49.223Z""}",18:37:49.230472,19.08.2023
176,38,1,0,0,"{""0"":1,""1"":0,""2"":0,""timestamp"":""2023-08-19T16:55:13.667Z""}",18:55:13.673808,19.08.2023
177,39,1,0,0,"{""0"":1,""1"":0,""2"":0,""timestamp"":""2023-08-19T17:06:24.187Z""}",19:06:24.194614,19.08.2023
178,40,1,0,0,"{""0"":1,""1"":0,""2"":0,""timestamp"":""2023-08-19T17:08:03.960Z""}",19:08:03.966600,19.08.2023
179,41,1,0,0,"{""0"":1,""1"":0,""2"":0,""timestamp"":""2023-08-19T17:16:11.606Z""}",19:16:11.616665,19.08.2023
180,42,1,0,1,"{""0"":1,""1"":0,""2"":1,""timestamp"":""2023-08-19T17:16:51.347Z""}",19:16:51.353428,19.08.2023
181,43,0,0,1,"{""0"":0,""1"":0,""2"":1,""timestamp"":""2023-08-19T17:21:41.279Z""}",19:21:41.286820,19.08.2023
182,44,0,0,1,"{""0"":0,""1"":0,""2"":1,""timestamp"":""2023-08-19T17:28:04.495Z""}",19:28:04.503591,19.08.2023
183,45,1,1,1,"{""0"":1,""1"":1,""2"":1,""timestamp"":""2023-08-19T17:42:35.523Z""}",19:42:35.530387,19.08.2023
184,46,1,0,1,"{""0"":1,""1"":0,""2"":1,""timestamp"":""2023-08-19T17:45:54.447Z""}",19:45:54.459004,19.08.2023
185,47,0,0,1,"{""0"":0,""1"":0,""2"":1,""timestamp"":""2023-08-19T17:54:32.227Z""}",19:54:32.234171,19.08.2023
186,48,2,0,0,"{""0"":2,""1"":0,""2"":0,""timestamp"":""2023-08-19T17:56:07.263Z""}",19:56:07.269988,19.08.2023
187,49,0,0,1,"{""0"":0,""1"":0,""2"":1,""timestamp"":""2023-08-19T17:57:11.019Z""}",19:57:11.027354,19.08.2023
188,50,0,0,1,"{""0"":0,""1"":0,""2"":1,""timestamp"":""2023-08-19T17:59:17.968Z""}",19:59:17.975163,19.08.2023
189,51,2,0,0,"{""0"":2,""1"":0,""2"":0,""timestamp"":""2023-08-19T18:03:53.159Z""}",20:03:53.166319,19.08.2023
190,52,1,1,0,"{""0"":1,""1"":1,""2"":0,""timestamp"":""2023-08-19T18:04:18.535Z""}",20:04:18.542264,19.08.2023
191,53,1,0,0,"{""0"":1,""1"":0,""2"":0,""timestamp"":""2023-08-19T18:05:34.812Z""}",20:05:34.819771,19.08.2023
192,54,0,0,1,"{""0"":0,""1"":0,""2"":1,""timestamp"":""2023-08-19T18:06:39.240Z""}",20:06:39.246508,19.08.2023
193,55,1,0,0,"{""0"":1,""1"":0,""2"":0,""timestamp"":""2023-08-19T18:10:05.295Z""}",20:10:05.301827,19.08.2023
194,56,1,0,0,"{""0"":1,""1"":0,""2"":0,""timestamp"":""2023-08-19T18:16:13.048Z""}",20:16:13.054850,19.08.2023
195,57,2,0,0,"{""0"":2,""1"":0,""2"":0,""timestamp"":""2023-08-19T18:17:51.028Z""}",20:17:51.042710,19.08.2023
196,58,1,0,0,"{""0"":1,""1"":0,""2"":0,""timestamp"":""2023-08-19T18:20:07.039Z""}",20:20:07.046218,19.08.2023
197,59,1,0,0,"{""0"":1,""1"":0,""2"":0,""timestamp"":""2023-08-19T18:22:08.004Z""}",20:22:08.012034,19.08.2023
198,60,0,1,0,"{""0"":0,""1"":1,""2"":0,""timestamp"":""2023-08-19T18:25:51.267Z""}",20:25:51.274071,19.08.2023
199,61,2,0,0,"{""0"":2,""1"":0,""2"":0,""timestamp"":""2023-08-19T18:26:33.387Z""}",20:26:33.394346,19.08.2023
200,62,1,0,0,"{""0"":1,""1"":0,""2"":0,""timestamp"":""2023-08-19T18:27:12.807Z""}",20:27:12.813756,19.08.2023
201,63,2,0,0,"{""0"":2,""1"":0,""2"":0,""timestamp"":""2023-08-19T18:37:58.928Z""}",20:37:58.935378,19.08.2023
202,64,3,0,0,"{""0"":3,""1"":0,""2"":0,""timestamp"":""2023-08-19T18:41:17.152Z""}",20:41:17.163354,19.08.2023
203,65,1,0,0,"{""0"":1,""1"":0,""2"":0,""timestamp"":""2023-08-19T18:42:14.280Z""}",20:42:14.286406,19.08.2023
204,66,0,1,0,"{""0"":0,""1"":1,""2"":0,""timestamp"":""2023-08-19T18:42:39.467Z""}",20:42:39.474044,19.08.2023
205,67,1,0,0,"{""0"":1,""1"":0,""2"":0,""timestamp"":""2023-08-19T18:46:49.315Z""}",20:46:49.322897,19.08.2023
206,68,0,1,0,"{""0"":0,""1"":1,""2"":0,""timestamp"":""2023-08-19T18:47:55.620Z""}",20:47:55.631915,19.08.2023
207,69,1,1,0,"{""0"":1,""1"":1,""2"":0,""timestamp"":""2023-08-19T18:49:13.335Z""}",20:49:13.343245,19.08.2023
208,70,1,0,0,"{""0"":1,""1"":0,""2"":0,""timestamp"":""2023-08-19T18:57:20.291Z""}",20:57:20.298739,19.08.2023
209,71,0,1,0,"{""0"":0,""1"":1,""2"":0,""timestamp"":""2023-08-19T18:58:58.391Z""}",20:58:58.398425,19.08.2023
210,72,3,0,0,"{""0"":3,""1"":0,""2"":0,""timestamp"":""2023-08-19T19:04:47.316Z""}",21:04:47.328191,19.08.2023
211,73,1,0,0,"{""0"":1,""1"":0,""2"":0,""timestamp"":""2023-08-19T19:10:29.875Z""}",21:10:29.882754,19.08.2023
212,74,2,0,0,"{""0"":2,""1"":0,""2"":0,""timestamp"":""2023-08-19T19:12:48.278Z""}",21:12:48.289195,19.08.2023
213,75,2,0,0,"{""0"":2,""1"":0,""2"":0,""timestamp"":""2023-08-19T19:13:40.323Z""}",21:13:40.330413,19.08.2023
214,76,1,0,0,"{""0"":1,""1"":0,""2"":0,""timestamp"":""2023-08-19T19:17:13.932Z""}",21:17:13.939899,19.08.2023
215,77,1,0,1,"{""0"":1,""1"":0,""2"":1,""timestamp"":""2023-08-19T19:17:36.035Z""}",21:17:36.041530,19.08.2023
216,78,1,1,0,"{""0"":1,""1"":1,""2"":0,""timestamp"":""2023-08-19T19:20:27.427Z""}",21:20:27.433637,19.08.2023
217,79,1,0,0,"{""0"":1,""1"":0,""2"":0,""timestamp"":""2023-08-19T19:28:05.023Z""}",21:28:05.030326,19.08.2023
218,80,1,0,0,"{""0"":1,""1"":0,""2"":0,""timestamp"":""2023-08-19T19:28:44.163Z""}",21:28:44.170436,19.08.2023
219,81,1,0,0,"{""0"":1,""1"":0,""2"":0,""timestamp"":""2023-08-19T19:29:29.943Z""}",21:29:29.953843,19.08.2023
220,82,1,0,0,"{""0"":1,""1"":0,""2"":0,""timestamp"":""2023-08-19T19:30:26.259Z""}",21:30:26.269375,19.08.2023
221,83,1,1,0,"{""0"":1,""1"":1,""2"":0,""timestamp"":""2023-08-19T19:31:15.099Z""}",21:31:15.107558,19.08.2023
222,84,0,0,1,"{""0"":0,""1"":0,""2"":1,""timestamp"":""2023-08-19T19:36:41.147Z""}",21:36:41.154324,19.08.2023
223,85,2,0,0,"{""0"":2,""1"":0,""2"":0,""timestamp"":""2023-08-19T19:38:22.475Z""}",21:38:22.482392,19.08.2023
224,86,0,1,0,"{""0"":0,""1"":1,""2"":0,""timestamp"":""2023-08-19T19:39:12.263Z""}",21:39:12.270212,19.08.2023
225,87,0,0,1,"{""0"":0,""1"":0,""2"":1,""timestamp"":""2023-08-19T19:43:18.791Z""}",21:43:18.799414,19.08.2023
226,88,0,0,1,"{""0"":0,""1"":0,""2"":1,""timestamp"":""2023-08-19T19:44:46.123Z""}",21:44:46.129654,19.08.2023
227,89,0,0,1,"{""0"":0,""1"":0,""2"":1,""timestamp"":""2023-08-19T19:46:05.247Z""}",21:46:05.254142,19.08.2023
228,90,4,0,0,"{""0"":4,""1"":0,""2"":0,""timestamp"":""2023-08-19T19:46:24.280Z""}",21:46:24.286753,19.08.2023
229,91,1,0,0,"{""0"":1,""1"":0,""2"":0,""timestamp"":""2023-08-19T19:46:44.291Z""}",21:46:44.299096,19.08.2023
230,92,1,0,0,"{""0"":1,""1"":0,""2"":0,""timestamp"":""2023-08-19T19:46:59.539Z""}",21:46:59.545548,19.08.2023
231,93,0,1,0,"{""0"":0,""1"":1,""2"":0,""timestamp"":""2023-08-19T20:02:53.355Z""}",22:02:53.366320,19.08.2023
232,94,2,0,0,"{""0"":2,""1"":0,""2"":0,""timestamp"":""2023-08-19T20:18:40.419Z""}",22:18:40.425926,19.08.2023
233,95,1,0,0,"{""0"":1,""1"":0,""2"":0,""timestamp"":""2023-08-19T20:33:08.575Z""}",22:33:08.586898,19.08.2023
234,96,1,0,0,"{""0"":1,""1"":0,""2"":0,""timestamp"":""2023-08-19T20:44:17.567Z""}",22:44:17.575489,19.08.2023
235,97,1,0,0,"{""0"":1,""1"":0,""2"":0,""timestamp"":""2023-08-19T21:03:59.855Z""}",23:03:59.867545,19.08.2023
236,98,1,0,1,"{""0"":1,""1"":0,""2"":1,""timestamp"":""2023-08-19T21:04:16.339Z""}",23:04:16.349101,19.08.2023
237,99,2,0,0,"{""0"":2,""1"":0,""2"":0,""timestamp"":""2023-08-19T21:12:16.843Z""}",23:12:16.851871,19.08.2023
238,100,2,0,0,"{""0"":2,""1"":0,""2"":0,""timestamp"":""2023-08-19T21:14:23.478Z""}",23:14:23.489545,19.08.2023
239,101,0,1,0,"{""0"":0,""1"":1,""2"":0,""timestamp"":""2023-08-19T21:14:34.035Z""}",23:14:34.041880,19.08.2023
240,102,0,1,0,"{""0"":0,""1"":1,""2"":0,""timestamp"":""2023-08-19T21:18:31.347Z""}",23:18:31.360204,19.08.2023
241,103,1,0,0,"{""0"":1,""1"":0,""2"":0,""timestamp"":""2023-08-19T21:21:56.243Z""}",23:21:56.250419,19.08.2023
242,104,1,0,0,"{""0"":1,""1"":0,""2"":0,""timestamp"":""2023-08-19T21:23:26.179Z""}",23:23:26.185953,19.08.2023
243,105,1,0,0,"{""0"":1,""1"":0,""2"":0,""timestamp"":""2023-08-19T21:24:33.159Z""}",23:24:33.166641,19.08.2023
244,106,1,0,0,"{""0"":1,""1"":0,""2"":0,""timestamp"":""2023-08-19T21:25:47.771Z""}",23:25:47.777877,19.08.2023
245,107,1,0,0,"{""0"":1,""1"":0,""2"":0,""timestamp"":""2023-08-19T21:26:55.675Z""}",23:26:55.683311,19.08.2023
246,108,2,0,0,"{""0"":2,""1"":0,""2"":0,""timestamp"":""2023-08-19T21:32:58.335Z""}",23:32:58.346877,19.08.2023
247,109,1,0,0,"{""0"":1,""1"":0,""2"":0,""timestamp"":""2023-08-19T21:39:16.148Z""}",23:39:16.165040,19.08.2023
248,110,1,0,0,"{""0"":1,""1"":0,""2"":0,""timestamp"":""2023-08-19T21:40:46.784Z""}",23:40:46.791348,19.08.2023
249,111,1,0,0,"{""0"":1,""1"":0,""2"":0,""timestamp"":""2023-08-19T21:41:53.879Z""}",23:41:53.886434,19.08.2023
250,112,1,0,0,"{""0"":1,""1"":0,""2"":0,""timestamp"":""2023-08-19T21:43:33.248Z""}",23:43:33.254525,19.08.2023
251,113,0,0,2,"{""0"":0,""1"":0,""2"":2,""timestamp"":""2023-08-19T21:45:23.544Z""}",23:45:23.551809,19.08.2023
252,114,2,0,1,"{""0"":2,""1"":0,""2"":1,""timestamp"":""2023-08-19T21:51:16.295Z""}",23:51:16.302264,19.08.2023
253,115,1,0,0,"{""0"":1,""1"":0,""2"":0,""timestamp"":""2023-08-19T21:19:45.139Z""}",23:19:45.146196,19.08.2023
254,1,1,1,0,"{""0"":1,""1"":1,""2"":0,""timestamp"":""2023-08-20T09:11:00.377Z""}",11:11:00.390772,20.08.2023
255,2,0,0,1,"{""0"":0,""1"":0,""2"":1,""timestamp"":""2023-08-20T09:58:51.974Z""}",11:58:51.983690,20.08.2023
256,3,0,0,1,"{""0"":0,""1"":0,""2"":1,""timestamp"":""2023-08-20T10:13:28.513Z""}",12:13:28.519500,20.08.2023
257,4,4,0,1,"{""0"":4,""1"":0,""2"":1,""timestamp"":""2023-08-20T10:45:19.037Z""}",12:45:19.043662,20.08.2023
258,5,1,0,1,"{""0"":1,""1"":0,""2"":1,""timestamp"":""2023-08-20T10:50:12.029Z""}",12:50:12.036527,20.08.2023
259,6,1,0,0,"{""0"":1,""1"":0,""2"":0,""timestamp"":""2023-08-20T10:56:10.564Z""}",12:56:10.575087,20.08.2023
260,7,1,0,0,"{""0"":1,""1"":0,""2"":0,""timestamp"":""2023-08-20T10:57:49.814Z""}",12:57:49.825688,20.08.2023
261,8,0,0,1,"{""0"":0,""1"":0,""2"":1,""timestamp"":""2023-08-20T10:59:26.626Z""}",12:59:26.632016,20.08.2023
262,9,0,0,1,"{""0"":0,""1"":0,""2"":1,""timestamp"":""2023-08-20T11:05:01.141Z""}",13:05:01.147999,20.08.2023
263,10,1,0,0,"{""0"":1,""1"":0,""2"":0,""timestamp"":""2023-08-20T11:07:50.701Z""}",13:07:50.707630,20.08.2023
264,11,0,0,1,"{""0"":0,""1"":0,""2"":1,""timestamp"":""2023-08-20T11:11:07.221Z""}",13:11:07.228953,20.08.2023
265,12,2,0,0,"{""0"":2,""1"":0,""2"":0,""timestamp"":""2023-08-20T11:14:54.057Z""}",13:14:54.064701,20.08.2023
266,13,0,0,1,"{""0"":0,""1"":0,""2"":1,""timestamp"":""2023-08-20T11:15:18.105Z""}",13:15:18.119395,20.08.2023
267,14,1,0,0,"{""0"":1,""1"":0,""2"":0,""timestamp"":""2023-08-20T11:20:41.100Z""}",13:20:41.112255,20.08.2023
268,15,0,1,0,"{""0"":0,""1"":1,""2"":0,""timestamp"":""2023-08-20T11:26:23.373Z""}",13:26:23.380185,20.08.2023
269,16,0,0,2,"{""0"":0,""1"":0,""2"":2,""timestamp"":""2023-08-20T11:27:45.329Z""}",13:27:45.336132,20.08.2023
270,17,1,0,0,"{""0"":1,""1"":0,""2"":0,""timestamp"":""2023-08-20T11:28:35.445Z""}",13:28:35.451651,20.08.2023
271,18,1,0,0,"{""0"":1,""1"":0,""2"":0,""timestamp"":""2023-08-20T11:34:21.030Z""}",13:34:21.038062,20.08.2023
272,19,2,0,0,"{""0"":2,""1"":0,""2"":0,""timestamp"":""2023-08-20T11:36:30.565Z""}",13:36:30.571918,20.08.2023
273,20,0,1,1,"{""0"":0,""1"":1,""2"":1,""timestamp"":""2023-08-20T11:37:01.633Z""}",13:37:01.640752,20.08.2023
274,21,1,1,0,"{""0"":1,""1"":1,""2"":0,""timestamp"":""2023-08-20T11:39:46.661Z""}",13:39:46.674543,20.08.2023
275,22,1,0,1,"{""0"":1,""1"":0,""2"":1,""timestamp"":""2023-08-20T11:41:24.157Z""}",13:41:24.164464,20.08.2023
276,23,0,1,0,"{""0"":0,""1"":1,""2"":0,""timestamp"":""2023-08-20T11:53:22.177Z""}",13:53:22.184228,20.08.2023
277,24,0,0,1,"{""0"":0,""1"":0,""2"":1,""timestamp"":""2023-08-20T11:53:38.964Z""}",13:53:38.976239,20.08.2023
278,25,1,1,0,"{""0"":1,""1"":1,""2"":0,""timestamp"":""2023-08-20T11:56:47.518Z""}",13:56:47.531143,20.08.2023
279,26,0,0,1,"{""0"":0,""1"":0,""2"":1,""timestamp"":""2023-08-20T12:42:29.494Z""}",14:42:29.501689,20.08.2023
280,27,1,1,0,"{""0"":1,""1"":1,""2"":0,""timestamp"":""2023-08-20T13:03:43.959Z""}",15:03:43.967630,20.08.2023
281,28,0,0,1,"{""0"":0,""1"":0,""2"":1,""timestamp"":""2023-08-20T13:32:06.825Z""}",15:32:06.831739,20.08.2023
282,29,2,0,0,"{""0"":2,""1"":0,""2"":0,""timestamp"":""2023-08-20T13:37:52.581Z""}",15:37:52.592656,20.08.2023
283,30,2,0,0,"{""0"":2,""1"":0,""2"":0,""timestamp"":""2023-08-20T14:15:51.658Z""}",16:15:51.667449,20.08.2023
284,31,1,0,0,"{""0"":1,""1"":0,""2"":0,""timestamp"":""2023-08-20T14:22:35.769Z""}",16:22:35.776888,20.08.2023
285,32,0,0,1,"{""0"":0,""1"":0,""2"":1,""timestamp"":""2023-08-20T14:29:48.964Z""}",16:29:48.971822,20.08.2023
286,33,0,0,2,"{""0"":0,""1"":0,""2"":2,""timestamp"":""2023-08-20T14:33:05.171Z""}",16:33:05.179018,20.08.2023
287,34,0,1,1,"{""0"":0,""1"":1,""2"":1,""timestamp"":""2023-08-20T14:39:00.089Z""}",16:39:00.095889,20.08.2023
288,35,2,0,0,"{""0"":2,""1"":0,""2"":0,""timestamp"":""2023-08-20T14:42:11.589Z""}",16:42:11.600733,20.08.2023
289,36,1,0,0,"{""0"":1,""1"":0,""2"":0,""timestamp"":""2023-08-20T14:42:59.057Z""}",16:42:59.063279,20.08.2023
290,37,0,0,1,"{""0"":0,""1"":0,""2"":1,""timestamp"":""2023-08-20T14:44:33.473Z""}",16:44:33.480390,20.08.2023
291,38,0,0,1,"{""0"":0,""1"":0,""2"":1,""timestamp"":""2023-08-20T14:44:53.513Z""}",16:44:53.520090,20.08.2023
292,39,0,0,1,"{""0"":0,""1"":0,""2"":1,""timestamp"":""2023-08-20T14:49:59.977Z""}",16:49:59.985248,20.08.2023
293,40,0,1,1,"{""0"":0,""1"":1,""2"":1,""timestamp"":""2023-08-20T14:50:35.349Z""}",16:50:35.355844,20.08.2023
294,41,0,0,1,"{""0"":0,""1"":0,""2"":1,""timestamp"":""2023-08-20T14:51:02.365Z""}",16:51:02.372714,20.08.2023
295,42,1,0,0,"{""0"":1,""1"":0,""2"":0,""timestamp"":""2023-08-20T15:01:50.961Z""}",17:01:50.967778,20.08.2023
296,43,1,0,1,"{""0"":1,""1"":0,""2"":1,""timestamp"":""2023-08-20T15:02:27.669Z""}",17:02:27.677413,20.08.2023
297,44,1,0,0,"{""0"":1,""1"":0,""2"":0,""timestamp"":""2023-08-20T15:15:19.097Z""}",17:15:19.103869,20.08.2023
298,45,0,0,1,"{""0"":0,""1"":0,""2"":1,""timestamp"":""2023-08-20T15:19:23.209Z""}",17:19:23.216267,20.08.2023
299,46,1,0,0,"{""0"":1,""1"":0,""2"":0,""timestamp"":""2023-08-20T15:22:04.669Z""}",17:22:04.675685,20.08.2023
300,47,1,0,0,"{""0"":1,""1"":0,""2"":0,""timestamp"":""2023-08-20T15:22:35.137Z""}",17:22:35.144104,20.08.2023
301,48,1,0,0,"{""0"":1,""1"":0,""2"":0,""timestamp"":""2023-08-20T15:31:20.101Z""}",17:31:20.108084,20.08.2023
302,49,0,0,1,"{""0"":0,""1"":0,""2"":1,""timestamp"":""2023-08-20T15:39:38.953Z""}",17:39:38.960346,20.08.2023
303,50,1,0,0,"{""0"":1,""1"":0,""2"":0,""timestamp"":""2023-08-20T16:06:09.307Z""}",18:06:09.318848,20.08.2023
304,51,1,0,0,"{""0"":1,""1"":0,""2"":0,""timestamp"":""2023-08-20T16:14:40.029Z""}",18:14:40.036662,20.08.2023
305,52,1,0,1,"{""0"":1,""1"":0,""2"":1,""timestamp"":""2023-08-20T16:28:09.901Z""}",18:28:09.908831,20.08.2023
306,53,1,0,0,"{""0"":1,""1"":0,""2"":0,""timestamp"":""2023-08-20T16:41:15.158Z""}",18:41:15.165177,20.08.2023
307,54,1,0,0,"{""0"":1,""1"":0,""2"":0,""timestamp"":""2023-08-20T16:42:47.382Z""}",18:42:47.395382,20.08.2023
308,55,1,0,0,"{""0"":1,""1"":0,""2"":0,""timestamp"":""2023-08-20T16:49:45.265Z""}",18:49:45.272671,20.08.2023
309,56,0,0,1,"{""0"":0,""1"":0,""2"":1,""timestamp"":""2023-08-20T16:50:52.153Z""}",18:50:52.161114,20.08.2023
310,57,2,0,0,"{""0"":2,""1"":0,""2"":0,""timestamp"":""2023-08-20T16:55:25.773Z""}",18:55:25.780094,20.08.2023
311,58,3,0,0,"{""0"":3,""1"":0,""2"":0,""timestamp"":""2023-08-20T16:55:40.538Z""}",18:55:40.544573,20.08.2023
312,59,1,0,1,"{""0"":1,""1"":0,""2"":1,""timestamp"":""2023-08-20T16:58:08.457Z""}",18:58:08.464387,20.08.2023
313,60,1,0,0,"{""0"":1,""1"":0,""2"":0,""timestamp"":""2023-08-20T17:15:26.949Z""}",19:15:26.956833,20.08.2023
314,61,1,0,0,"{""0"":1,""1"":0,""2"":0,""timestamp"":""2023-08-20T17:19:28.161Z""}",19:19:28.168302,20.08.2023
315,62,1,0,0,"{""0"":1,""1"":0,""2"":0,""timestamp"":""2023-08-20T17:25:03.581Z""}",19:25:03.588652,20.08.2023
316,63,0,0,2,"{""0"":0,""1"":0,""2"":2,""timestamp"":""2023-08-20T17:34:49.121Z""}",19:34:49.129795,20.08.2023
317,64,0,1,1,"{""0"":0,""1"":1,""2"":1,""timestamp"":""2023-08-20T17:36:25.105Z""}",19:36:25.112199,20.08.2023
318,65,1,0,0,"{""0"":1,""1"":0,""2"":0,""timestamp"":""2023-08-20T17:37:27.321Z""}",19:37:27.328193,20.08.2023
319,66,1,0,0,"{""0"":1,""1"":0,""2"":0,""timestamp"":""2023-08-20T17:38:12.701Z""}",19:38:12.707694,20.08.2023
320,67,0,0,3,"{""0"":0,""1"":0,""2"":3,""timestamp"":""2023-08-20T17:45:39.609Z""}",19:45:39.616359,20.08.2023
321,68,1,0,0,"{""0"":1,""1"":0,""2"":0,""timestamp"":""2023-08-20T17:46:07.641Z""}",19:46:07.648250,20.08.2023
322,69,0,0,1,"{""0"":0,""1"":0,""2"":1,""timestamp"":""2023-08-20T17:46:34.329Z""}",19:46:34.336506,20.08.2023
323,70,0,1,0,"{""0"":0,""1"":1,""2"":0,""timestamp"":""2023-08-20T17:47:31.313Z""}",19:47:31.324406,20.08.2023
324,71,0,0,1,"{""0"":0,""1"":0,""2"":1,""timestamp"":""2023-08-20T17:47:56.780Z""}",19:47:56.787548,20.08.2023
325,72,1,1,0,"{""0"":1,""1"":1,""2"":0,""timestamp"":""2023-08-20T17:48:29.889Z""}",19:48:29.896233,20.08.2023
326,73,1,0,0,"{""0"":1,""1"":0,""2"":0,""timestamp"":""2023-08-20T17:54:07.257Z""}",19:54:07.263690,20.08.2023
327,74,1,1,0,"{""0"":1,""1"":1,""2"":0,""timestamp"":""2023-08-20T18:01:40.401Z""}",20:01:40.408321,20.08.2023
328,75,1,0,0,"{""0"":1,""1"":0,""2"":0,""timestamp"":""2023-08-20T18:03:39.745Z""}",20:03:39.753136,20.08.2023
329,76,1,0,1,"{""0"":1,""1"":0,""2"":1,""timestamp"":""2023-08-20T18:08:59.093Z""}",20:08:59.100339,20.08.2023
330,77,1,0,0,"{""0"":1,""1"":0,""2"":0,""timestamp"":""2023-08-20T18:10:18.961Z""}",20:10:18.967342,20.08.2023
331,78,1,0,0,"{""0"":1,""1"":0,""2"":0,""timestamp"":""2023-08-20T18:11:25.589Z""}",20:11:25.597497,20.08.2023
332,79,0,0,1,"{""0"":0,""1"":0,""2"":1,""timestamp"":""2023-08-20T18:16:08.129Z""}",20:16:08.139101,20.08.2023
333,80,1,0,0,"{""0"":1,""1"":0,""2"":0,""timestamp"":""2023-08-20T18:19:51.349Z""}",20:19:51.360172,20.08.2023
334,81,0,0,2,"{""0"":0,""1"":0,""2"":2,""timestamp"":""2023-08-20T18:20:54.777Z""}",20:20:54.783371,20.08.2023
335,82,1,0,0,"{""0"":1,""1"":0,""2"":0,""timestamp"":""2023-08-20T18:24:08.133Z""}",20:24:08.140680,20.08.2023
336,83,1,0,0,"{""0"":1,""1"":0,""2"":0,""timestamp"":""2023-08-20T18:24:27.578Z""}",20:24:27.589113,20.08.2023
337,84,1,0,0,"{""0"":1,""1"":0,""2"":0,""timestamp"":""2023-08-20T18:24:49.962Z""}",20:24:49.969369,20.08.2023
338,85,1,0,0,"{""0"":1,""1"":0,""2"":0,""timestamp"":""2023-08-20T18:25:15.753Z""}",20:25:15.763392,20.08.2023
339,86,0,1,0,"{""0"":0,""1"":1,""2"":0,""timestamp"":""2023-08-20T18:32:28.601Z""}",20:32:28.607891,20.08.2023
340,87,1,0,0,"{""0"":1,""1"":0,""2"":0,""timestamp"":""2023-08-20T18:39:01.526Z""}",20:39:01.534172,20.08.2023
341,88,1,0,1,"{""0"":1,""1"":0,""2"":1,""timestamp"":""2023-08-20T18:39:55.197Z""}",20:39:55.204773,20.08.2023
342,89,1,0,0,"{""0"":1,""1"":0,""2"":0,""timestamp"":""2023-08-20T18:41:37.053Z""}",20:41:37.064396,20.08.2023
343,90,1,0,0,"{""0"":1,""1"":0,""2"":0,""timestamp"":""2023-08-20T18:52:16.665Z""}",20:52:16.672372,20.08.2023
344,91,0,1,1,"{""0"":0,""1"":1,""2"":1,""timestamp"":""2023-08-20T18:52:36.133Z""}",20:52:36.141236,20.08.2023
345,92,1,0,0,"{""0"":1,""1"":0,""2"":0,""timestamp"":""2023-08-20T18:58:36.225Z""}",20:58:36.231973,20.08.2023
346,93,1,0,0,"{""0"":1,""1"":0,""2"":0,""timestamp"":""2023-08-20T20:00:43.214Z""}",22:00:43.224524,20.08.2023
347,94,0,1,0,"{""0"":0,""1"":1,""2"":0,""timestamp"":""2023-08-20T20:15:07.910Z""}",22:15:07.920889,20.08.2023
348,95,0,1,0,"{""0"":0,""1"":1,""2"":0,""timestamp"":""2023-08-20T20:17:26.461Z""}",22:17:26.468295,20.08.2023
349,96,1,0,0,"{""0"":1,""1"":0,""2"":0,""timestamp"":""2023-08-20T20:18:17.197Z""}",22:18:17.204030,20.08.2023
350,1,0,0,1,"{""0"":0,""1"":0,""2"":1,""timestamp"":""2023-08-21T16:14:57.582Z""}",18:14:57.596278,21.08.2023
351,2,2,0,0,"{""0"":2,""1"":0,""2"":0,""timestamp"":""2023-08-21T16:29:04.576Z""}",18:29:04.587068,21.08.2023
352,3,1,0,0,"{""0"":1,""1"":0,""2"":0,""timestamp"":""2023-08-21T16:30:03.909Z""}",18:30:03.916212,21.08.2023
353,4,1,0,0,"{""0"":1,""1"":0,""2"":0,""timestamp"":""2023-08-21T16:31:08.384Z""}",18:31:08.391661,21.08.2023
354,5,1,0,0,"{""0"":1,""1"":0,""2"":0,""timestamp"":""2023-08-21T16:31:32.702Z""}",18:31:32.714181,21.08.2023
355,6,1,0,0,"{""0"":1,""1"":0,""2"":0,""timestamp"":""2023-08-21T16:31:44.578Z""}",18:31:44.586424,21.08.2023
356,7,0,0,1,"{""0"":0,""1"":0,""2"":1,""timestamp"":""2023-08-21T16:32:47.297Z""}",18:32:47.309034,21.08.2023
357,8,0,0,1,"{""0"":0,""1"":0,""2"":1,""timestamp"":""2023-08-21T16:34:03.449Z""}",18:34:03.456530,21.08.2023
358,9,1,0,0,"{""0"":1,""1"":0,""2"":0,""timestamp"":""2023-08-21T16:35:59.037Z""}",18:35:59.043598,21.08.2023
359,10,1,0,0,"{""0"":1,""1"":0,""2"":0,""timestamp"":""2023-08-21T16:36:09.388Z""}",18:36:09.398722,21.08.2023
360,11,0,0,1,"{""0"":0,""1"":0,""2"":1,""timestamp"":""2023-08-21T16:54:04.253Z""}",18:54:04.259946,21.08.2023
361,12,0,0,1,"{""0"":0,""1"":0,""2"":1,""timestamp"":""2023-08-21T16:54:34.108Z""}",18:54:34.116502,21.08.2023
362,13,0,0,1,"{""0"":0,""1"":0,""2"":1,""timestamp"":""2023-08-21T16:55:19.465Z""}",18:55:19.471202,21.08.2023
363,14,0,0,1,"{""0"":0,""1"":0,""2"":1,""timestamp"":""2023-08-21T17:00:48.897Z""}",19:00:48.904218,21.08.2023
364,15,0,1,0,"{""0"":0,""1"":1,""2"":0,""timestamp"":""2023-08-21T17:02:32.800Z""}",19:02:32.807143,21.08.2023
365,16,1,0,1,"{""0"":1,""1"":0,""2"":1,""timestamp"":""2023-08-21T17:03:36.573Z""}",19:03:36.579883,21.08.2023
366,17,0,0,1,"{""0"":0,""1"":0,""2"":1,""timestamp"":""2023-08-21T17:13:14.124Z""}",19:13:14.132832,21.08.2023
367,18,0,0,1,"{""0"":0,""1"":0,""2"":1,""timestamp"":""2023-08-21T17:14:51.269Z""}",19:14:51.280969,21.08.2023
368,19,1,0,0,"{""0"":1,""1"":0,""2"":0,""timestamp"":""2023-08-21T17:20:08.609Z""}",19:20:08.615515,21.08.2023
369,20,0,1,0,"{""0"":0,""1"":1,""2"":0,""timestamp"":""2023-08-21T17:20:58.505Z""}",19:20:58.512206,21.08.2023
370,21,0,0,1,"{""0"":0,""1"":0,""2"":1,""timestamp"":""2023-08-21T17:21:37.397Z""}",19:21:37.409219,21.08.2023
371,22,0,0,1,"{""0"":0,""1"":0,""2"":1,""timestamp"":""2023-08-21T17:21:56.281Z""}",19:21:56.287656,21.08.2023
372,23,0,1,0,"{""0"":0,""1"":1,""2"":0,""timestamp"":""2023-08-21T17:23:49.057Z""}",19:23:49.063605,21.08.2023
373,24,2,1,1,"{""0"":2,""1"":1,""2"":1,""timestamp"":""2023-08-21T17:26:13.201Z""}",19:26:13.207320,21.08.2023
374,25,1,0,0,"{""0"":1,""1"":0,""2"":0,""timestamp"":""2023-08-21T17:27:32.530Z""}",19:27:32.538118,21.08.2023
375,26,1,1,0,"{""0"":1,""1"":1,""2"":0,""timestamp"":""2023-08-21T17:32:18.225Z""}",19:32:18.232230,21.08.2023
376,27,0,0,1,"{""0"":0,""1"":0,""2"":1,""timestamp"":""2023-08-21T17:36:43.160Z""}",19:36:43.167363,21.08.2023
377,28,2,0,1,"{""0"":2,""1"":0,""2"":1,""timestamp"":""2023-08-21T17:37:24.001Z""}",19:37:24.007763,21.08.2023
378,29,2,0,0,"{""0"":2,""1"":0,""2"":0,""timestamp"":""2023-08-21T17:47:57.959Z""}",19:47:57.969625,21.08.2023
379,30,0,1,0,"{""0"":0,""1"":1,""2"":0,""timestamp"":""2023-08-21T17:48:13.325Z""}",19:48:13.334092,21.08.2023
380,31,1,0,0,"{""0"":1,""1"":0,""2"":0,""timestamp"":""2023-08-21T17:48:38.536Z""}",19:48:38.543869,21.08.2023
381,32,1,0,0,"{""0"":1,""1"":0,""2"":0,""timestamp"":""2023-08-21T17:49:35.213Z""}",19:49:35.220172,21.08.2023
382,33,1,0,0,"{""0"":1,""1"":0,""2"":0,""timestamp"":""2023-08-21T17:50:13.756Z""}",19:50:13.769149,21.08.2023
383,34,1,0,1,"{""0"":1,""1"":0,""2"":1,""timestamp"":""2023-08-21T17:55:42.685Z""}",19:55:42.692424,21.08.2023
384,35,1,0,0,"{""0"":1,""1"":0,""2"":0,""timestamp"":""2023-08-21T18:01:46.145Z""}",20:01:46.152379,21.08.2023
385,36,1,0,0,"{""0"":1,""1"":0,""2"":0,""timestamp"":""2023-08-21T18:10:22.680Z""}",20:10:22.687898,21.08.2023
386,37,1,0,0,"{""0"":1,""1"":0,""2"":0,""timestamp"":""2023-08-21T18:11:43.056Z""}",20:11:43.063071,21.08.2023
387,38,1,0,0,"{""0"":1,""1"":0,""2"":0,""timestamp"":""2023-08-21T18:12:52.749Z""}",20:12:52.756223,21.08.2023
388,39,1,0,0,"{""0"":1,""1"":0,""2"":0,""timestamp"":""2023-08-21T18:13:03.509Z""}",20:13:03.515207,21.08.2023
389,40,0,0,1,"{""0"":0,""1"":0,""2"":1,""timestamp"":""2023-08-21T18:13:38.064Z""}",20:13:38.071507,21.08.2023
390,41,0,0,1,"{""0"":0,""1"":0,""2"":1,""timestamp"":""2023-08-21T18:14:31.932Z""}",20:14:31.940012,21.08.2023
391,42,1,0,0,"{""0"":1,""1"":0,""2"":0,""timestamp"":""2023-08-21T18:16:19.581Z""}",20:16:19.587698,21.08.2023
392,43,3,0,0,"{""0"":3,""1"":0,""2"":0,""timestamp"":""2023-08-21T18:17:24.023Z""}",20:17:24.031813,21.08.2023
393,44,1,0,0,"{""0"":1,""1"":0,""2"":0,""timestamp"":""2023-08-21T18:33:48.032Z""}",20:33:48.039193,21.08.2023
394,45,1,0,0,"{""0"":1,""1"":0,""2"":0,""timestamp"":""2023-08-21T18:39:33.720Z""}",20:39:33.727062,21.08.2023
395,46,1,0,0,"{""0"":1,""1"":0,""2"":0,""timestamp"":""2023-08-21T18:42:39.953Z""}",20:42:39.959976,21.08.2023
396,47,0,0,1,"{""0"":0,""1"":0,""2"":1,""timestamp"":""2023-08-21T18:46:01.153Z""}",20:46:01.159774,21.08.2023
397,48,1,1,0,"{""0"":1,""1"":1,""2"":0,""timestamp"":""2023-08-21T18:54:29.145Z""}",20:54:29.151216,21.08.2023
398,49,0,1,0,"{""0"":0,""1"":1,""2"":0,""timestamp"":""2023-08-21T18:58:26.189Z""}",20:58:26.195187,21.08.2023
399,50,0,1,0,"{""0"":0,""1"":1,""2"":0,""timestamp"":""2023-08-21T19:01:53.444Z""}",21:01:53.451580,21.08.2023
400,51,0,0,1,"{""0"":0,""1"":0,""2"":1,""timestamp"":""2023-08-21T19:06:31.092Z""}",21:06:31.100262,21.08.2023
401,52,2,2,2,"{""0"":2,""1"":2,""2"":2,""timestamp"":""2023-08-21T19:10:44.117Z""}",21:10:44.125227,21.08.2023
402,53,0,0,1,"{""0"":0,""1"":0,""2"":1,""timestamp"":""2023-08-21T19:14:53.784Z""}",21:14:53.791350,21.08.2023
403,54,0,0,1,"{""0"":0,""1"":0,""2"":1,""timestamp"":""2023-08-21T19:20:47.373Z""}",21:20:47.380049,21.08.2023
404,55,1,0,0,"{""0"":1,""1"":0,""2"":0,""timestamp"":""2023-08-21T19:25:45.589Z""}",21:25:45.595589,21.08.2023
405,56,1,0,0,"{""0"":1,""1"":0,""2"":0,""timestamp"":""2023-08-21T19:27:03.629Z""}",21:27:03.635684,21.08.2023
406,57,1,0,1,"{""0"":1,""1"":0,""2"":1,""timestamp"":""2023-08-21T19:35:00.852Z""}",21:35:00.859314,21.08.2023
407,58,2,0,0,"{""0"":2,""1"":0,""2"":0,""timestamp"":""2023-08-21T19:55:29.646Z""}",21:55:29.655561,21.08.2023
408,59,0,1,0,"{""0"":0,""1"":1,""2"":0,""timestamp"":""2023-08-21T19:55:49.909Z""}",21:55:49.916192,21.08.2023
409,60,2,0,0,"{""0"":2,""1"":0,""2"":0,""timestamp"":""2023-08-21T20:12:31.469Z""}",22:12:31.475790,21.08.2023
410,61,0,3,0,"{""0"":0,""1"":3,""2"":0,""timestamp"":""2023-08-21T20:17:27.428Z""}",22:17:27.436114,21.08.2023
411,62,0,0,1,"{""0"":0,""1"":0,""2"":1,""timestamp"":""2023-08-21T20:21:01.093Z""}",22:21:01.100060,21.08.2023
412,63,0,1,0,"{""0"":0,""1"":1,""2"":0,""timestamp"":""2023-08-21T20:33:27.025Z""}",22:33:27.032278,21.08.2023
413,64,1,0,0,"{""0"":1,""1"":0,""2"":0,""timestamp"":""2023-08-21T20:35:44.125Z""}",22:35:44.131818,21.08.2023
414,65,1,0,0,"{""0"":1,""1"":0,""2"":0,""timestamp"":""2023-08-21T20:49:57.999Z""}",22:49:58.013167,21.08.2023
418,1,0,0,0,"{""0"":0,""1"":0,""2"":0,""3"":1,""timestamp"":""2023-08-22T15:59:59.066Z""}",17:59:59.074872,22.08.2023
419,2,0,0,0,"{""0"":0,""1"":0,""2"":0,""3"":1,""timestamp"":""2023-08-22T16:07:43.852Z""}",18:07:43.860565,22.08.2023
420,3,0,0,0,"{""0"":0,""1"":0,""2"":0,""3"":1,""timestamp"":""2023-08-22T16:09:08.803Z""}",18:09:08.810321,22.08.2023
421,4,1,0,0,"{""0"":1,""1"":0,""2"":0,""3"":0,""timestamp"":""2023-08-22T16:09:27.046Z""}",18:09:27.053833,22.08.2023
422,5,0,0,1,"{""0"":0,""1"":0,""2"":1,""3"":0,""timestamp"":""2023-08-22T16:12:58.686Z""}",18:12:58.693138,22.08.2023
423,6,0,0,0,"{""0"":0,""1"":0,""2"":0,""3"":1,""timestamp"":""2023-08-22T16:14:18.246Z""}",18:14:18.253031,22.08.2023
424,7,0,0,0,"{""0"":0,""1"":0,""2"":0,""3"":1,""timestamp"":""2023-08-22T16:16:09.564Z""}",18:16:09.574265,22.08.2023
425,8,2,0,0,"{""0"":2,""1"":0,""2"":0,""3"":0,""timestamp"":""2023-08-22T16:19:35.046Z""}",18:19:35.053909,22.08.2023
426,9,0,0,0,"{""0"":0,""1"":0,""2"":0,""3"":1,""timestamp"":""2023-08-22T16:20:35.310Z""}",18:20:35.317350,22.08.2023
427,10,0,0,0,"{""0"":0,""1"":0,""2"":0,""3"":1,""timestamp"":""2023-08-22T16:21:00.040Z""}",18:21:00.047701,22.08.2023
428,11,1,0,0,"{""0"":1,""1"":0,""2"":0,""3"":0,""timestamp"":""2023-08-22T16:28:04.358Z""}",18:28:04.366079,22.08.2023
429,12,0,0,0,"{""0"":0,""1"":0,""2"":0,""3"":1,""timestamp"":""2023-08-22T16:29:20.598Z""}",18:29:20.605378,22.08.2023
430,13,1,0,0,"{""0"":1,""1"":0,""2"":0,""3"":0,""timestamp"":""2023-08-22T16:29:39.000Z""}",18:29:39.007554,22.08.2023
431,14,0,0,0,"{""0"":0,""1"":0,""2"":0,""3"":1,""timestamp"":""2023-08-22T16:33:03.047Z""}",18:33:03.053759,22.08.2023
432,15,1,0,0,"{""0"":1,""1"":0,""2"":0,""3"":0,""timestamp"":""2023-08-22T16:35:51.539Z""}",18:35:51.548483,22.08.2023
433,16,0,0,1,"{""0"":0,""1"":0,""2"":1,""3"":1,""timestamp"":""2023-08-22T16:37:17.718Z""}",18:37:17.725037,22.08.2023
434,17,0,0,0,"{""0"":0,""1"":0,""2"":0,""3"":1,""timestamp"":""2023-08-22T16:37:39.562Z""}",18:37:39.569200,22.08.2023
435,18,0,1,0,"{""0"":0,""1"":1,""2"":0,""3"":0,""timestamp"":""2023-08-22T16:38:30.046Z""}",18:38:30.059119,22.08.2023
436,19,0,1,0,"{""0"":0,""1"":1,""2"":0,""3"":0,""timestamp"":""2023-08-22T16:50:58.970Z""}",18:50:58.978149,22.08.2023
437,20,1,0,0,"{""0"":1,""1"":0,""2"":0,""3"":0,""timestamp"":""2023-08-22T16:51:58.802Z""}",18:51:58.809215,22.08.2023
438,21,0,0,0,"{""0"":0,""1"":0,""2"":0,""3"":2,""timestamp"":""2023-08-22T16:52:09.455Z""}",18:52:09.460992,22.08.2023
439,22,0,0,1,"{""0"":0,""1"":0,""2"":1,""3"":0,""timestamp"":""2023-08-22T16:58:37.375Z""}",18:58:37.382716,22.08.2023
440,23,0,0,0,"{""0"":0,""1"":0,""2"":0,""3"":1,""timestamp"":""2023-08-22T16:59:22.574Z""}",18:59:22.581219,22.08.2023
441,24,0,0,2,"{""0"":0,""1"":0,""2"":2,""3"":0,""timestamp"":""2023-08-22T17:02:56.070Z""}",19:02:56.077880,22.08.2023
442,25,0,0,1,"{""0"":0,""1"":0,""2"":1,""3"":0,""timestamp"":""2023-08-22T17:03:55.286Z""}",19:03:55.294074,22.08.2023
443,26,0,0,0,"{""0"":0,""1"":0,""2"":0,""3"":1,""timestamp"":""2023-08-22T17:04:07.571Z""}",19:04:07.583069,22.08.2023
444,27,1,0,1,"{""0"":1,""1"":0,""2"":1,""3"":1,""timestamp"":""2023-08-22T17:06:01.392Z""}",19:06:01.400517,22.08.2023
445,28,1,0,0,"{""0"":1,""1"":0,""2"":0,""3"":0,""timestamp"":""2023-08-22T17:06:49.538Z""}",19:06:49.545087,22.08.2023
446,29,0,0,1,"{""0"":0,""1"":0,""2"":1,""3"":0,""timestamp"":""2023-08-22T17:07:01.259Z""}",19:07:01.266356,22.08.2023
447,30,1,0,0,"{""0"":1,""1"":0,""2"":0,""3"":0,""timestamp"":""2023-08-22T17:09:05.495Z""}",19:09:05.501857,22.08.2023
448,31,1,0,0,"{""0"":1,""1"":0,""2"":0,""3"":0,""timestamp"":""2023-08-22T17:09:53.664Z""}",19:09:53.673558,22.08.2023
449,32,1,0,0,"{""0"":1,""1"":0,""2"":0,""3"":0,""timestamp"":""2023-08-22T17:10:13.830Z""}",19:10:13.838839,22.08.2023
450,33,1,0,0,"{""0"":1,""1"":0,""2"":0,""3"":0,""timestamp"":""2023-08-22T17:10:50.326Z""}",19:10:50.334783,22.08.2023
451,34,0,1,0,"{""0"":0,""1"":1,""2"":0,""3"":0,""timestamp"":""2023-08-22T17:11:36.430Z""}",19:11:36.442586,22.08.2023
452,35,1,0,0,"{""0"":1,""1"":0,""2"":0,""3"":0,""timestamp"":""2023-08-22T17:12:32.715Z""}",19:12:32.729165,22.08.2023
453,36,1,0,0,"{""0"":1,""1"":0,""2"":0,""3"":0,""timestamp"":""2023-08-22T17:13:24.290Z""}",19:13:24.296721,22.08.2023
454,37,1,0,0,"{""0"":1,""1"":0,""2"":0,""3"":0,""timestamp"":""2023-08-22T17:14:06.975Z""}",19:14:06.982685,22.08.2023
455,38,0,0,0,"{""0"":0,""1"":0,""2"":0,""3"":1,""timestamp"":""2023-08-22T17:17:08.391Z""}",19:17:08.399528,22.08.2023
456,39,0,0,0,"{""0"":0,""1"":0,""2"":0,""3"":3,""timestamp"":""2023-08-22T17:18:34.490Z""}",19:18:34.497691,22.08.2023
457,40,0,1,0,"{""0"":0,""1"":1,""2"":0,""3"":0,""timestamp"":""2023-08-22T17:19:21.087Z""}",19:19:21.094794,22.08.2023
458,41,0,0,1,"{""0"":0,""1"":0,""2"":1,""3"":0,""timestamp"":""2023-08-22T17:21:04.890Z""}",19:21:04.897961,22.08.2023
459,42,0,1,0,"{""0"":0,""1"":1,""2"":0,""3"":0,""timestamp"":""2023-08-22T17:21:28.284Z""}",19:21:28.297724,22.08.2023
460,43,0,0,1,"{""0"":0,""1"":0,""2"":1,""3"":0,""timestamp"":""2023-08-22T17:23:01.920Z""}",19:23:01.929693,22.08.2023
461,44,0,1,0,"{""0"":0,""1"":1,""2"":0,""3"":0,""timestamp"":""2023-08-22T17:23:32.050Z""}",19:23:32.058160,22.08.2023
462,45,1,0,1,"{""0"":1,""1"":0,""2"":1,""3"":0,""timestamp"":""2023-08-22T17:23:57.674Z""}",19:23:57.681637,22.08.2023
463,46,1,0,0,"{""0"":1,""1"":0,""2"":0,""3"":0,""timestamp"":""2023-08-22T17:25:29.622Z""}",19:25:29.629371,22.08.2023
464,47,0,1,0,"{""0"":0,""1"":1,""2"":0,""3"":0,""timestamp"":""2023-08-22T17:25:54.018Z""}",19:25:54.032088,22.08.2023
465,48,0,0,1,"{""0"":0,""1"":0,""2"":1,""3"":0,""timestamp"":""2023-08-22T17:26:16.646Z""}",19:26:16.653026,22.08.2023
466,49,1,0,0,"{""0"":1,""1"":0,""2"":0,""3"":0,""timestamp"":""2023-08-22T17:26:38.474Z""}",19:26:38.481243,22.08.2023
467,50,0,0,0,"{""0"":0,""1"":0,""2"":0,""3"":1,""timestamp"":""2023-08-22T17:30:31.030Z""}",19:30:31.037134,22.08.2023
468,51,0,0,1,"{""0"":0,""1"":0,""2"":1,""3"":0,""timestamp"":""2023-08-22T17:33:46.474Z""}",19:33:46.481898,22.08.2023
469,52,0,0,0,"{""0"":0,""1"":0,""2"":0,""3"":1,""timestamp"":""2023-08-22T17:34:55.498Z""}",19:34:55.505938,22.08.2023
470,53,1,1,3,"{""0"":1,""1"":1,""2"":3,""3"":0,""timestamp"":""2023-08-22T17:39:14.675Z""}",19:39:14.682680,22.08.2023
471,54,1,0,0,"{""0"":1,""1"":0,""2"":0,""3"":0,""timestamp"":""2023-08-22T17:40:47.302Z""}",19:40:47.315543,22.08.2023
472,55,1,0,0,"{""0"":1,""1"":0,""2"":0,""3"":0,""timestamp"":""2023-08-22T17:41:34.354Z""}",19:41:34.360970,22.08.2023
473,56,1,0,0,"{""0"":1,""1"":0,""2"":0,""3"":0,""timestamp"":""2023-08-22T17:42:00.454Z""}",19:42:00.461218,22.08.2023
474,57,1,0,0,"{""0"":1,""1"":0,""2"":0,""3"":0,""timestamp"":""2023-08-22T17:45:26.746Z""}",19:45:26.753957,22.08.2023
475,58,2,0,0,"{""0"":2,""1"":0,""2"":0,""3"":0,""timestamp"":""2023-08-22T17:45:46.699Z""}",19:45:46.705842,22.08.2023
476,59,1,0,0,"{""0"":1,""1"":0,""2"":0,""3"":0,""timestamp"":""2023-08-22T17:46:27.433Z""}",19:46:27.444124,22.08.2023
477,60,2,0,0,"{""0"":2,""1"":0,""2"":0,""3"":0,""timestamp"":""2023-08-22T17:47:54.846Z""}",19:47:54.853346,22.08.2023
478,61,0,0,1,"{""0"":0,""1"":0,""2"":1,""3"":0,""timestamp"":""2023-08-22T17:48:42.726Z""}",19:48:42.733105,22.08.2023
479,62,0,2,1,"{""0"":0,""1"":2,""2"":1,""3"":0,""timestamp"":""2023-08-22T17:49:30.642Z""}",19:49:30.648736,22.08.2023
480,63,1,0,1,"{""0"":1,""1"":0,""2"":1,""3"":0,""timestamp"":""2023-08-22T17:53:11.522Z""}",19:53:11.529233,22.08.2023
481,64,1,1,0,"{""0"":1,""1"":1,""2"":0,""3"":0,""timestamp"":""2023-08-22T17:56:54.342Z""}",19:56:54.350531,22.08.2023
482,65,0,0,0,"{""0"":0,""1"":0,""2"":0,""3"":1,""timestamp"":""2023-08-22T17:58:05.714Z""}",19:58:05.721899,22.08.2023
483,66,0,0,0,"{""0"":0,""1"":0,""2"":0,""3"":1,""timestamp"":""2023-08-22T17:58:59.118Z""}",19:58:59.125343,22.08.2023
484,67,0,1,0,"{""0"":0,""1"":1,""2"":0,""3"":0,""timestamp"":""2023-08-22T18:00:56.894Z""}",20:00:56.901760,22.08.2023
485,68,1,0,0,"{""0"":1,""1"":0,""2"":0,""3"":0,""timestamp"":""2023-08-22T18:01:56.474Z""}",20:01:56.484759,22.08.2023
486,69,0,0,0,"{""0"":0,""1"":0,""2"":0,""3"":1,""timestamp"":""2023-08-22T18:02:13.886Z""}",20:02:13.893483,22.08.2023
487,70,0,0,1,"{""0"":0,""1"":0,""2"":1,""3"":0,""timestamp"":""2023-08-22T18:02:46.838Z""}",20:02:46.845357,22.08.2023
488,71,0,1,0,"{""0"":0,""1"":1,""2"":0,""3"":0,""timestamp"":""2023-08-22T18:10:35.562Z""}",20:10:35.574673,22.08.2023
489,72,0,1,0,"{""0"":0,""1"":1,""2"":0,""3"":0,""timestamp"":""2023-08-22T18:10:46.087Z""}",20:10:46.092788,22.08.2023
490,73,0,1,0,"{""0"":0,""1"":1,""2"":0,""3"":0,""timestamp"":""2023-08-22T18:11:01.442Z""}",20:11:01.453573,22.08.2023
491,74,0,1,0,"{""0"":0,""1"":1,""2"":0,""3"":0,""timestamp"":""2023-08-22T18:11:08.714Z""}",20:11:08.720550,22.08.2023
492,75,0,1,0,"{""0"":0,""1"":1,""2"":0,""3"":0,""timestamp"":""2023-08-22T18:11:17.230Z""}",20:11:17.236535,22.08.2023
493,76,1,0,0,"{""0"":1,""1"":0,""2"":0,""3"":0,""timestamp"":""2023-08-22T18:11:59.750Z""}",20:11:59.761472,22.08.2023
494,77,0,1,0,"{""0"":0,""1"":1,""2"":0,""3"":0,""timestamp"":""2023-08-22T18:12:55.182Z""}",20:12:55.190070,22.08.2023
495,78,0,0,2,"{""0"":0,""1"":0,""2"":2,""3"":0,""timestamp"":""2023-08-22T18:13:14.171Z""}",20:13:14.181818,22.08.2023
496,79,0,0,0,"{""0"":0,""1"":0,""2"":0,""3"":1,""timestamp"":""2023-08-22T18:13:29.126Z""}",20:13:29.133232,22.08.2023
497,80,1,0,0,"{""0"":1,""1"":0,""2"":0,""3"":0,""timestamp"":""2023-08-22T18:14:06.870Z""}",20:14:06.877334,22.08.2023
498,81,1,0,0,"{""0"":1,""1"":0,""2"":0,""3"":0,""timestamp"":""2023-08-22T18:17:16.177Z""}",20:17:16.188572,22.08.2023
499,82,0,0,0,"{""0"":0,""1"":0,""2"":0,""3"":1,""timestamp"":""2023-08-22T18:17:36.295Z""}",20:17:36.302942,22.08.2023
500,83,0,0,0,"{""0"":0,""1"":0,""2"":0,""3"":1,""timestamp"":""2023-08-22T18:20:35.651Z""}",20:20:35.662630,22.08.2023
501,84,0,0,0,"{""0"":0,""1"":0,""2"":0,""3"":2,""timestamp"":""2023-08-22T18:21:30.997Z""}",20:21:31.009331,22.08.2023
502,85,2,0,0,"{""0"":2,""1"":0,""2"":0,""3"":0,""timestamp"":""2023-08-22T18:25:58.718Z""}",20:25:58.724753,22.08.2023
503,86,0,1,0,"{""0"":0,""1"":1,""2"":0,""3"":0,""timestamp"":""2023-08-22T18:28:09.861Z""}",20:28:09.870559,22.08.2023
504,87,1,0,0,"{""0"":1,""1"":0,""2"":0,""3"":0,""timestamp"":""2023-08-22T18:29:56.090Z""}",20:29:56.097319,22.08.2023
505,88,1,1,2,"{""0"":1,""1"":1,""2"":2,""3"":0,""timestamp"":""2023-08-22T18:30:15.286Z""}",20:30:15.294378,22.08.2023
506,89,1,1,0,"{""0"":1,""1"":1,""2"":0,""3"":0,""timestamp"":""2023-08-22T18:30:44.338Z""}",20:30:44.345426,22.08.2023
507,90,0,0,0,"{""0"":0,""1"":0,""2"":0,""3"":1,""timestamp"":""2023-08-22T18:32:23.446Z""}",20:32:23.454177,22.08.2023
508,91,3,0,1,"{""0"":3,""1"":0,""2"":1,""3"":0,""timestamp"":""2023-08-22T18:34:14.538Z""}",20:34:14.545538,22.08.2023
509,92,1,0,1,"{""0"":1,""1"":0,""2"":1,""3"":0,""timestamp"":""2023-08-22T18:35:01.470Z""}",20:35:01.477077,22.08.2023
510,93,1,0,0,"{""0"":1,""1"":0,""2"":0,""3"":0,""timestamp"":""2023-08-22T18:53:02.119Z""}",20:53:02.132459,22.08.2023
511,94,1,0,0,"{""0"":1,""1"":0,""2"":0,""3"":0,""timestamp"":""2023-08-22T18:54:40.150Z""}",20:54:40.157007,22.08.2023
512,95,0,1,0,"{""0"":0,""1"":1,""2"":0,""3"":0,""timestamp"":""2023-08-22T18:55:01.947Z""}",20:55:01.959236,22.08.2023
513,96,1,0,0,"{""0"":1,""1"":0,""2"":0,""3"":0,""timestamp"":""2023-08-22T18:55:20.530Z""}",20:55:20.536707,22.08.2023
514,97,1,0,0,"{""0"":1,""1"":0,""2"":0,""3"":0,""timestamp"":""2023-08-22T18:57:12.162Z""}",20:57:12.170030,22.08.2023
515,98,1,1,0,"{""0"":1,""1"":1,""2"":0,""3"":0,""timestamp"":""2023-08-22T19:08:03.955Z""}",21:08:03.967431,22.08.2023
516,99,0,1,0,"{""0"":0,""1"":1,""2"":0,""3"":0,""timestamp"":""2023-08-22T19:09:00.738Z""}",21:09:00.745819,22.08.2023
517,100,2,0,0,"{""0"":2,""1"":0,""2"":0,""3"":0,""timestamp"":""2023-08-22T19:17:42.298Z""}",21:17:42.305436,22.08.2023
518,101,1,0,0,"{""0"":1,""1"":0,""2"":0,""3"":0,""timestamp"":""2023-08-22T19:19:44.974Z""}",21:19:44.985919,22.08.2023
519,102,1,0,0,"{""0"":1,""1"":0,""2"":0,""3"":0,""timestamp"":""2023-08-22T19:37:07.930Z""}",21:37:07.937460,22.08.2023
520,103,1,0,0,"{""0"":1,""1"":0,""2"":0,""3"":0,""timestamp"":""2023-08-22T19:39:39.711Z""}",21:39:39.719045,22.08.2023
521,104,0,0,1,"{""0"":0,""1"":0,""2"":1,""3"":0,""timestamp"":""2023-08-22T19:41:16.086Z""}",21:41:16.093392,22.08.2023
522,105,2,0,0,"{""0"":2,""1"":0,""2"":0,""3"":0,""timestamp"":""2023-08-22T19:43:01.282Z""}",21:43:01.292931,22.08.2023
523,106,1,0,0,"{""0"":1,""1"":0,""2"":0,""3"":0,""timestamp"":""2023-08-22T20:17:08.062Z""}",22:17:08.069703,22.08.2023
524,107,0,1,0,"{""0"":0,""1"":1,""2"":0,""3"":0,""timestamp"":""2023-08-22T20:19:48.014Z""}",22:19:48.022045,22.08.2023
525,108,1,0,0,"{""0"":1,""1"":0,""2"":0,""3"":0,""timestamp"":""2023-08-22T20:24:19.846Z""}",22:24:19.853413,22.08.2023
526,109,1,0,0,"{""0"":1,""1"":0,""2"":0,""3"":0,""timestamp"":""2023-08-22T20:25:08.982Z""}",22:25:08.989099,22.08.2023
527,110,1,0,0,"{""0"":1,""1"":0,""2"":0,""3"":0,""timestamp"":""2023-08-22T20:25:32.278Z""}",22:25:32.285651,22.08.2023
528,111,1,0,0,"{""0"":1,""1"":0,""2"":0,""3"":0,""timestamp"":""2023-08-22T20:26:17.166Z""}",22:26:17.172609,22.08.2023
529,112,1,0,0,"{""0"":1,""1"":0,""2"":0,""3"":0,""timestamp"":""2023-08-22T20:35:34.742Z""}",22:35:34.756088,22.08.2023
530,113,0,0,0,"{""0"":0,""1"":0,""2"":0,""3"":1,""timestamp"":""2023-08-22T20:43:08.016Z""}",22:43:08.024856,22.08.2023
531,1,1,0,1,"{""0"":1,""1"":0,""2"":1,""3"":1,""timestamp"":""2023-08-23T15:20:43.557Z""}",17:20:43.570367,23.08.2023
532,2,1,0,1,"{""0"":1,""1"":0,""2"":1,""3"":0,""timestamp"":""2023-08-23T16:00:46.652Z""}",18:00:46.659191,23.08.2023
533,3,1,0,0,"{""0"":1,""1"":0,""2"":0,""3"":1,""timestamp"":""2023-08-23T16:02:40.228Z""}",18:02:40.235704,23.08.2023
534,4,1,0,0,"{""0"":1,""1"":0,""2"":0,""3"":0,""timestamp"":""2023-08-23T16:03:40.688Z""}",18:03:40.695092,23.08.2023
535,5,0,0,0,"{""0"":0,""1"":0,""2"":0,""3"":1,""timestamp"":""2023-08-23T16:03:57.212Z""}",18:03:57.219611,23.08.2023
536,6,0,0,1,"{""0"":0,""1"":0,""2"":1,""3"":0,""timestamp"":""2023-08-23T16:06:46.220Z""}",18:06:46.227287,23.08.2023
537,7,0,0,0,"{""0"":0,""1"":0,""2"":0,""3"":1,""timestamp"":""2023-08-23T16:08:02.896Z""}",18:08:02.904370,23.08.2023
538,8,1,0,1,"{""0"":1,""1"":0,""2"":1,""3"":0,""timestamp"":""2023-08-23T16:08:39.365Z""}",18:08:39.371565,23.08.2023
539,9,1,0,2,"{""0"":1,""1"":0,""2"":2,""3"":0,""timestamp"":""2023-08-23T16:08:57.172Z""}",18:08:57.179691,23.08.2023
540,10,0,0,0,"{""0"":0,""1"":0,""2"":0,""3"":1,""timestamp"":""2023-08-23T16:12:15.092Z""}",18:12:15.104186,23.08.2023
541,11,0,0,0,"{""0"":0,""1"":0,""2"":0,""3"":1,""timestamp"":""2023-08-23T16:12:42.352Z""}",18:12:42.359320,23.08.2023
542,12,0,0,0,"{""0"":0,""1"":0,""2"":0,""3"":1,""timestamp"":""2023-08-23T16:13:52.598Z""}",18:13:52.605281,23.08.2023
543,13,0,0,0,"{""0"":0,""1"":0,""2"":0,""3"":1,""timestamp"":""2023-08-23T16:14:28.348Z""}",18:14:28.355658,23.08.2023
544,14,0,0,0,"{""0"":0,""1"":0,""2"":0,""3"":1,""timestamp"":""2023-08-23T16:15:17.478Z""}",18:15:17.485350,23.08.2023
545,15,1,0,0,"{""0"":1,""1"":0,""2"":0,""3"":0,""timestamp"":""2023-08-23T16:15:58.032Z""}",18:15:58.039489,23.08.2023
546,16,0,0,0,"{""0"":0,""1"":0,""2"":0,""3"":1,""timestamp"":""2023-08-23T16:16:18.340Z""}",18:16:18.348832,23.08.2023
547,17,0,0,0,"{""0"":0,""1"":0,""2"":0,""3"":1,""timestamp"":""2023-08-23T16:19:17.457Z""}",18:19:17.464742,23.08.2023
548,18,0,0,0,"{""0"":0,""1"":0,""2"":0,""3"":1,""timestamp"":""2023-08-23T16:22:05.149Z""}",18:22:05.156737,23.08.2023
549,19,0,0,1,"{""0"":0,""1"":0,""2"":1,""3"":0,""timestamp"":""2023-08-23T16:22:33.902Z""}",18:22:33.909372,23.08.2023
550,20,0,0,0,"{""0"":0,""1"":0,""2"":0,""3"":1,""timestamp"":""2023-08-23T16:23:33.604Z""}",18:23:33.615180,23.08.2023
551,21,2,0,0,"{""0"":2,""1"":0,""2"":0,""3"":0,""timestamp"":""2023-08-23T16:26:14.172Z""}",18:26:14.180664,23.08.2023
552,22,0,0,0,"{""0"":0,""1"":0,""2"":0,""3"":1,""timestamp"":""2023-08-23T16:26:31.364Z""}",18:26:31.370639,23.08.2023
553,23,0,0,0,"{""0"":0,""1"":0,""2"":0,""3"":1,""timestamp"":""2023-08-23T16:27:02.053Z""}",18:27:02.060163,23.08.2023
554,24,0,0,1,"{""0"":0,""1"":0,""2"":1,""3"":0,""timestamp"":""2023-08-23T16:27:54.588Z""}",18:27:54.595733,23.08.2023
555,25,1,0,0,"{""0"":1,""1"":0,""2"":0,""3"":0,""timestamp"":""2023-08-23T16:30:34.935Z""}",18:30:34.949152,23.08.2023
556,26,2,0,0,"{""0"":2,""1"":0,""2"":0,""3"":0,""timestamp"":""2023-08-23T16:31:33.221Z""}",18:31:33.227561,23.08.2023
557,27,0,0,0,"{""0"":0,""1"":0,""2"":0,""3"":1,""timestamp"":""2023-08-23T16:31:57.137Z""}",18:31:57.150270,23.08.2023
558,28,1,0,0,"{""0"":1,""1"":0,""2"":0,""3"":0,""timestamp"":""2023-08-23T16:36:39.184Z""}",18:36:39.191879,23.08.2023
559,29,0,0,2,"{""0"":0,""1"":0,""2"":2,""3"":0,""timestamp"":""2023-08-23T16:43:45.548Z""}",18:43:45.556061,23.08.2023
560,30,1,0,0,"{""0"":1,""1"":0,""2"":0,""3"":0,""timestamp"":""2023-08-23T16:45:12.580Z""}",18:45:12.587327,23.08.2023
561,31,0,0,0,"{""0"":0,""1"":0,""2"":0,""3"":1,""timestamp"":""2023-08-23T16:46:54.876Z""}",18:46:54.883916,23.08.2023
562,32,0,0,0,"{""0"":0,""1"":0,""2"":0,""3"":1,""timestamp"":""2023-08-23T16:51:50.824Z""}",18:51:50.831341,23.08.2023
563,33,0,0,0,"{""0"":0,""1"":0,""2"":0,""3"":1,""timestamp"":""2023-08-23T16:52:57.633Z""}",18:52:57.644251,23.08.2023
564,34,1,0,0,"{""0"":1,""1"":0,""2"":0,""3"":0,""timestamp"":""2023-08-23T16:55:57.570Z""}",18:55:57.578976,23.08.2023
565,35,0,0,1,"{""0"":0,""1"":0,""2"":1,""3"":0,""timestamp"":""2023-08-23T16:56:43.809Z""}",18:56:43.815458,23.08.2023
566,36,3,0,1,"{""0"":3,""1"":0,""2"":1,""3"":0,""timestamp"":""2023-08-23T16:59:43.236Z""}",18:59:43.243308,23.08.2023
567,37,2,0,0,"{""0"":2,""1"":0,""2"":0,""3"":0,""timestamp"":""2023-08-23T17:00:26.569Z""}",19:00:26.576000,23.08.2023
568,38,0,0,0,"{""0"":0,""1"":0,""2"":0,""3"":1,""timestamp"":""2023-08-23T17:00:53.400Z""}",19:00:53.412158,23.08.2023
569,39,0,0,1,"{""0"":0,""1"":0,""2"":1,""3"":0,""timestamp"":""2023-08-23T17:01:10.505Z""}",19:01:10.511561,23.08.2023
570,40,2,0,1,"{""0"":2,""1"":0,""2"":1,""3"":0,""timestamp"":""2023-08-23T17:02:57.376Z""}",19:02:57.384669,23.08.2023
571,41,1,0,1,"{""0"":1,""1"":0,""2"":1,""3"":0,""timestamp"":""2023-08-23T17:04:17.836Z""}",19:04:17.843003,23.08.2023
572,42,0,0,2,"{""0"":0,""1"":0,""2"":2,""3"":0,""timestamp"":""2023-08-23T17:04:42.429Z""}",19:04:42.436269,23.08.2023
573,43,1,0,0,"{""0"":1,""1"":0,""2"":0,""3"":0,""timestamp"":""2023-08-23T17:06:09.080Z""}",19:06:09.087776,23.08.2023
574,44,0,0,0,"{""0"":0,""1"":0,""2"":0,""3"":3,""timestamp"":""2023-08-23T17:06:33.649Z""}",19:06:33.655650,23.08.2023
575,45,0,0,0,"{""0"":0,""1"":0,""2"":0,""3"":1,""timestamp"":""2023-08-23T17:07:45.613Z""}",19:07:45.625471,23.08.2023
576,46,1,0,0,"{""0"":1,""1"":0,""2"":0,""3"":1,""timestamp"":""2023-08-23T17:09:04.881Z""}",19:09:04.887882,23.08.2023
577,47,1,0,0,"{""0"":1,""1"":0,""2"":0,""3"":0,""timestamp"":""2023-08-23T17:09:48.193Z""}",19:09:48.199941,23.08.2023
578,48,1,0,0,"{""0"":1,""1"":0,""2"":0,""3"":0,""timestamp"":""2023-08-23T17:11:43.020Z""}",19:11:43.027463,23.08.2023
579,49,1,0,0,"{""0"":1,""1"":0,""2"":0,""3"":0,""timestamp"":""2023-08-23T17:13:44.345Z""}",19:13:44.352085,23.08.2023
580,50,0,0,1,"{""0"":0,""1"":0,""2"":1,""3"":0,""timestamp"":""2023-08-23T17:15:31.381Z""}",19:15:31.389841,23.08.2023
581,51,2,0,0,"{""0"":2,""1"":0,""2"":0,""3"":0,""timestamp"":""2023-08-23T17:17:42.896Z""}",19:17:42.905106,23.08.2023
582,52,0,0,0,"{""0"":0,""1"":0,""2"":0,""3"":1,""timestamp"":""2023-08-23T17:20:51.448Z""}",19:20:51.456537,23.08.2023
583,53,0,0,0,"{""0"":0,""1"":0,""2"":0,""3"":2,""timestamp"":""2023-08-23T17:21:41.796Z""}",19:21:41.804441,23.08.2023
584,54,1,0,0,"{""0"":1,""1"":0,""2"":0,""3"":0,""timestamp"":""2023-08-23T17:22:29.465Z""}",19:22:29.472492,23.08.2023
585,55,0,0,0,"{""0"":0,""1"":0,""2"":0,""3"":1,""timestamp"":""2023-08-23T17:23:17.968Z""}",19:23:17.979289,23.08.2023
586,56,0,0,0,"{""0"":0,""1"":0,""2"":0,""3"":1,""timestamp"":""2023-08-23T17:26:40.584Z""}",19:26:40.591674,23.08.2023
587,57,0,0,0,"{""0"":0,""1"":0,""2"":0,""3"":1,""timestamp"":""2023-08-23T17:26:59.576Z""}",19:26:59.583551,23.08.2023
588,58,2,0,0,"{""0"":2,""1"":0,""2"":0,""3"":0,""timestamp"":""2023-08-23T17:29:33.028Z""}",19:29:33.035599,23.08.2023
589,59,0,1,0,"{""0"":0,""1"":1,""2"":0,""3"":0,""timestamp"":""2023-08-23T17:31:04.608Z""}",19:31:04.616141,23.08.2023
590,60,0,0,0,"{""0"":0,""1"":0,""2"":0,""3"":1,""timestamp"":""2023-08-23T17:32:38.417Z""}",19:32:38.424404,23.08.2023
591,61,0,0,0,"{""0"":0,""1"":0,""2"":0,""3"":1,""timestamp"":""2023-08-23T17:34:39.552Z""}",19:34:39.559670,23.08.2023
592,62,0,0,0,"{""0"":0,""1"":0,""2"":0,""3"":1,""timestamp"":""2023-08-23T17:42:40.928Z""}",19:42:40.936466,23.08.2023
593,63,0,1,0,"{""0"":0,""1"":1,""2"":0,""3"":0,""timestamp"":""2023-08-23T17:44:19.132Z""}",19:44:19.138792,23.08.2023
594,64,2,0,0,"{""0"":2,""1"":0,""2"":0,""3"":0,""timestamp"":""2023-08-23T17:45:05.085Z""}",19:45:05.093447,23.08.2023
595,65,0,0,0,"{""0"":0,""1"":0,""2"":0,""3"":2,""timestamp"":""2023-08-23T17:50:56.054Z""}",19:50:56.066301,23.08.2023
596,66,0,0,0,"{""0"":0,""1"":0,""2"":0,""3"":1,""timestamp"":""2023-08-23T17:52:16.386Z""}",19:52:16.397383,23.08.2023
597,67,1,0,0,"{""0"":1,""1"":0,""2"":0,""3"":0,""timestamp"":""2023-08-23T17:52:49.473Z""}",19:52:49.481108,23.08.2023
598,68,0,0,0,"{""0"":0,""1"":0,""2"":0,""3"":1,""timestamp"":""2023-08-23T17:58:23.436Z""}",19:58:23.443613,23.08.2023
599,69,0,0,1,"{""0"":0,""1"":0,""2"":1,""3"":0,""timestamp"":""2023-08-23T17:59:24.160Z""}",19:59:24.167153,23.08.2023
600,70,0,0,0,"{""0"":0,""1"":0,""2"":0,""3"":2,""timestamp"":""2023-08-23T18:02:15.496Z""}",20:02:15.503847,23.08.2023
601,71,0,0,0,"{""0"":0,""1"":0,""2"":0,""3"":1,""timestamp"":""2023-08-23T18:03:07.728Z""}",20:03:07.735304,23.08.2023
602,72,0,0,1,"{""0"":0,""1"":0,""2"":1,""3"":1,""timestamp"":""2023-08-23T18:03:20.741Z""}",20:03:20.747741,23.08.2023
603,73,0,0,1,"{""0"":0,""1"":0,""2"":1,""3"":1,""timestamp"":""2023-08-23T18:03:40.101Z""}",20:03:40.107569,23.08.2023
604,74,1,0,0,"{""0"":1,""1"":0,""2"":0,""3"":0,""timestamp"":""2023-08-23T18:04:10.380Z""}",20:04:10.390497,23.08.2023
605,75,2,0,0,"{""0"":2,""1"":0,""2"":0,""3"":0,""timestamp"":""2023-08-23T18:04:54.240Z""}",20:04:54.256094,23.08.2023
606,76,0,0,1,"{""0"":0,""1"":0,""2"":1,""3"":0,""timestamp"":""2023-08-23T18:07:00.736Z""}",20:07:00.742642,23.08.2023
607,77,0,0,0,"{""0"":0,""1"":0,""2"":0,""3"":2,""timestamp"":""2023-08-23T18:10:37.984Z""}",20:10:37.992074,23.08.2023
608,78,1,0,0,"{""0"":1,""1"":0,""2"":0,""3"":0,""timestamp"":""2023-08-23T18:10:56.706Z""}",20:10:56.719536,23.08.2023
609,79,1,0,0,"{""0"":1,""1"":0,""2"":0,""3"":0,""timestamp"":""2023-08-23T18:16:04.271Z""}",20:16:04.278697,23.08.2023
610,80,2,0,0,"{""0"":2,""1"":0,""2"":0,""3"":0,""timestamp"":""2023-08-23T18:16:35.792Z""}",20:16:35.799027,23.08.2023
611,81,3,0,0,"{""0"":3,""1"":0,""2"":0,""3"":0,""timestamp"":""2023-08-23T18:18:56.688Z""}",20:18:56.695470,23.08.2023
612,82,1,0,1,"{""0"":1,""1"":0,""2"":1,""3"":0,""timestamp"":""2023-08-23T18:21:23.381Z""}",20:21:23.388421,23.08.2023
613,83,0,0,1,"{""0"":0,""1"":0,""2"":1,""3"":0,""timestamp"":""2023-08-23T18:21:39.796Z""}",20:21:39.807556,23.08.2023
614,84,0,0,1,"{""0"":0,""1"":0,""2"":1,""3"":0,""timestamp"":""2023-08-23T18:22:26.520Z""}",20:22:26.526836,23.08.2023
615,85,1,0,1,"{""0"":1,""1"":0,""2"":1,""3"":0,""timestamp"":""2023-08-23T18:22:47.865Z""}",20:22:47.871881,23.08.2023
616,86,1,0,1,"{""0"":1,""1"":0,""2"":1,""3"":0,""timestamp"":""2023-08-23T18:25:50.416Z""}",20:25:50.423408,23.08.2023
617,87,0,0,2,"{""0"":0,""1"":0,""2"":2,""3"":0,""timestamp"":""2023-08-23T18:26:08.276Z""}",20:26:08.284750,23.08.2023
618,88,0,0,1,"{""0"":0,""1"":0,""2"":1,""3"":0,""timestamp"":""2023-08-23T18:26:34.424Z""}",20:26:34.431056,23.08.2023
619,89,1,2,0,"{""0"":1,""1"":2,""2"":0,""3"":0,""timestamp"":""2023-08-23T18:29:47.315Z""}",20:29:47.322364,23.08.2023
620,90,1,0,0,"{""0"":1,""1"":0,""2"":0,""3"":0,""timestamp"":""2023-08-23T18:30:10.952Z""}",20:30:10.959698,23.08.2023
621,91,1,0,0,"{""0"":1,""1"":0,""2"":0,""3"":0,""timestamp"":""2023-08-23T18:30:33.973Z""}",20:30:33.979744,23.08.2023
622,92,0,1,0,"{""0"":0,""1"":1,""2"":0,""3"":0,""timestamp"":""2023-08-23T18:32:01.947Z""}",20:32:01.959417,23.08.2023
623,93,1,0,0,"{""0"":1,""1"":0,""2"":0,""3"":0,""timestamp"":""2023-08-23T18:32:23.356Z""}",20:32:23.363373,23.08.2023
624,94,1,0,0,"{""0"":1,""1"":0,""2"":0,""3"":0,""timestamp"":""2023-08-23T18:32:39.388Z""}",20:32:39.395778,23.08.2023
625,95,2,0,0,"{""0"":2,""1"":0,""2"":0,""3"":0,""timestamp"":""2023-08-23T18:32:50.036Z""}",20:32:50.043259,23.08.2023
626,96,2,0,0,"{""0"":2,""1"":0,""2"":0,""3"":0,""timestamp"":""2023-08-23T18:33:24.992Z""}",20:33:25.004371,23.08.2023
627,97,1,0,0,"{""0"":1,""1"":0,""2"":0,""3"":0,""timestamp"":""2023-08-23T18:34:13.108Z""}",20:34:13.115137,23.08.2023
628,98,1,0,0,"{""0"":1,""1"":0,""2"":0,""3"":0,""timestamp"":""2023-08-23T18:44:14.352Z""}",20:44:14.361560,23.08.2023
629,99,0,1,0,"{""0"":0,""1"":1,""2"":0,""3"":0,""timestamp"":""2023-08-23T18:49:06.764Z""}",20:49:06.771384,23.08.2023
630,100,1,1,0,"{""0"":1,""1"":1,""2"":0,""3"":0,""timestamp"":""2023-08-23T18:50:50.797Z""}",20:50:50.809693,23.08.2023
631,101,3,0,0,"{""0"":3,""1"":0,""2"":0,""3"":0,""timestamp"":""2023-08-23T18:55:05.036Z""}",20:55:05.043084,23.08.2023
632,102,0,0,0,"{""0"":0,""1"":0,""2"":0,""3"":2,""timestamp"":""2023-08-23T18:55:23.048Z""}",20:55:23.057252,23.08.2023
633,103,0,2,0,"{""0"":0,""1"":2,""2"":0,""3"":0,""timestamp"":""2023-08-23T18:58:46.704Z""}",20:58:46.717474,23.08.2023
634,104,2,0,0,"{""0"":2,""1"":0,""2"":0,""3"":0,""timestamp"":""2023-08-23T19:00:55.076Z""}",21:00:55.083971,23.08.2023
635,105,2,0,0,"{""0"":2,""1"":0,""2"":0,""3"":0,""timestamp"":""2023-08-23T19:01:30.961Z""}",21:01:30.967051,23.08.2023
636,106,0,0,1,"{""0"":0,""1"":0,""2"":1,""3"":0,""timestamp"":""2023-08-23T19:10:36.572Z""}",21:10:36.579329,23.08.2023
637,107,1,0,1,"{""0"":1,""1"":0,""2"":1,""3"":0,""timestamp"":""2023-08-23T19:12:58.452Z""}",21:12:58.458653,23.08.2023
638,108,0,0,1,"{""0"":0,""1"":0,""2"":1,""3"":0,""timestamp"":""2023-08-23T19:25:44.660Z""}",21:25:44.667416,23.08.2023
639,109,1,0,0,"{""0"":1,""1"":0,""2"":0,""3"":0,""timestamp"":""2023-08-23T19:28:55.937Z""}",21:28:55.944061,23.08.2023
640,110,0,0,1,"{""0"":0,""1"":0,""2"":1,""3"":0,""timestamp"":""2023-08-23T19:31:09.212Z""}",21:31:09.219093,23.08.2023
641,111,0,0,1,"{""0"":0,""1"":0,""2"":1,""3"":0,""timestamp"":""2023-08-23T19:34:44.244Z""}",21:34:44.250910,23.08.2023
642,112,1,0,0,"{""0"":1,""1"":0,""2"":0,""3"":0,""timestamp"":""2023-08-23T19:43:53.000Z""}",21:43:53.008162,23.08.2023
643,113,0,0,0,"{""0"":0,""1"":0,""2"":0,""3"":1,""timestamp"":""2023-08-23T20:20:54.708Z""}",22:20:54.714971,23.08.2023
644,114,0,0,1,"{""0"":0,""1"":0,""2"":1,""3"":0,""timestamp"":""2023-08-23T20:21:37.465Z""}",22:21:37.471451,23.08.2023
645,115,0,0,0,"{""0"":0,""1"":0,""2"":0,""3"":1,""timestamp"":""2023-08-23T20:25:39.833Z""}",22:25:39.839539,23.08.2023
646,116,1,0,0,"{""0"":1,""1"":0,""2"":0,""3"":0,""timestamp"":""2023-08-23T20:26:52.685Z""}",22:26:52.692236,23.08.2023
